name,value,position,penalties,penalty_taker,set_piece_role,in_squad,is_captain
Benbot Oussama,275 000 �,GK,No,No,No,False,False
Mastil Melvin,275 000 �,GK,No,No,No,False,False
Zidane Luca,280 000 �,GK,No,No,No,False,False
Mart�nez Emiliano,370 000 �,GK,No,No,No,False,False
Musso Juan,350 000 �,GK,No,No,No,False,False
Rulli Ger�nimo,360 000 �,GK,No,No,No,False,False
Beach Patrick,250 000 �,GK,No,No,No,False,False
Izzo Paul,250 000 �,GK,No,No,No,False,False
Ryan Mathew,260 000 �,GK,No,No,No,False,False
Courtois Thibaut,350 000 �,GK,No,No,No,False,False
Lammens Senne,345 000 �,GK,No,No,No,False,False
Penders Mike,335 000 �,GK,No,No,No,False,False
Jurkas Mladen,275 000 �,GK,No,No,No,False,False
Vasilj Nikola,285 000 �,GK,No,No,No,False,False
Zlomisli? Martin,280 000 �,GK,No,No,No,False,False
Alisson,370 000 �,GK,No,No,No,False,False
Ederson,370 000 �,GK,No,No,No,False,False
Weverton,350 000 �,GK,No,No,No,False,False
Bodak Tyrick,225 000 �,GK,No,No,No,False,False
Doornbusch Trevor,225 000 �,GK,No,No,No,False,False
Room Eloy,230 000 �,GK,No,No,No,False,False
Galindez Hernan,305 000 �,GK,No,No,No,False,False
Ram�rez Mois�s,300 000 �,GK,No,No,No,False,False
Valle Gonzalo,300 000 �,GK,No,No,No,False,False
Alaa Mohamed,280 000 �,GK,No,No,No,False,False
El Shenawy Mohamed,290 000 �,GK,No,No,No,False,False
Shobeir Mostafa,285 000 �,GK,No,No,No,False,False
Soliman Mahdy,280 000 �,GK,No,No,No,False,False
Henderson Dean,365 000 �,GK,No,No,No,False,False
Pickford Jordan,375 000 �,GK,No,No,No,False,False
Trafford James,350 000 �,GK,No,No,No,False,False
Garcia Joan,360 000 �,GK,No,No,No,False,False
Raya David,370 000 �,GK,No,No,No,False,False
Sim�n Unai,380 000 �,GK,No,No,No,False,False
Chaine Sipho,230 000 �,GK,No,No,No,False,False
Goss Ricardo,230 000 �,GK,No,No,No,False,False
Williams Ronwen,240 000 �,GK,No,No,No,False,False
Jo Hyeon-woo,280 000 �,GK,No,No,No,False,False
Kim Seung-gyu,280 000 �,GK,No,No,No,False,False
Song Bum-keun,270 000 �,GK,No,No,No,False,False
Anang Joseph,255 000 �,GK,No,No,No,False,False
Asare Benjamin,265 000 �,GK,No,No,No,False,False
Ati-Zigi Lawrence,265 000 �,GK,No,No,No,False,False
Duverger Josu�,225 000 �,GK,No,No,No,False,False
Pierre Alexandre,225 000 �,GK,No,No,No,False,False
Placide Johny,230 000 �,GK,No,No,No,False,False
Flekken Mark,350 000 �,GK,No,No,No,False,False
Roefs Robin,350 000 �,GK,No,No,No,False,False
Verbruggen Bart,355 000 �,GK,No,No,No,False,False
Basil Ahmed,225 000 �,GK,No,No,No,False,False
Hassan Jalal,230 000 �,GK,No,No,No,False,False
Talib Fahad,225 000 �,GK,No,No,No,False,False
Beiranvand Alireza,265 000 �,GK,No,No,No,False,False
Hosseini Hossein,260 000 �,GK,No,No,No,False,False
Niazmand Payam,255 000 �,GK,No,No,No,False,False
Pentz Patrick,290 000 �,GK,No,No,No,False,False
Schlager Alexander,295 000 �,GK,No,No,No,False,False
Wiegele Florian,280 000 �,GK,No,No,No,False,False
Hayakawa Tomoki,280 000 �,GK,No,No,No,False,False
?sako Keisuke,285 000 �,GK,No,No,No,False,False
Suzuki Zion,290 000 �,GK,No,No,No,False,False
Abulaila Yazeed,230 000 �,GK,No,No,No,False,False
Al-Fakhouri Abdallah,225 000 �,GK,No,No,No,False,False
Bani Attiah Nour,225 000 �,GK,No,No,No,False,False
Clair Dayne St.,290 000 �,GK,No,No,No,False,False
Cr�peau Maxime,295 000 �,GK,No,No,No,False,False
Goodman Owen,280 000 �,GK,No,No,No,False,False
dos Santos CJ,225 000 �,GK,No,No,No,False,False
Rosa M�rcio,225 000 �,GK,No,No,No,False,False
Vozinha,230 000 �,GK,No,No,No,False,False
Montero �lvaro,335 000 �,GK,No,No,No,False,False
Ospina David,340 000 �,GK,No,No,No,False,False
Vargas Camilo,345 000 �,GK,No,No,Both,False,False
Epolo Matthieu,235 000 �,GK,No,No,No,False,False
Fayulu Timothy,240 000 �,GK,No,No,No,False,False
Mpasi Lionel,250 000 �,GK,No,No,No,False,False
Kotarski Dominik,295 000 �,GK,No,No,No,False,False
Livakovi? Dominik,305 000 �,GK,No,No,No,False,False
Pandur Ivor,290 000 �,GK,No,No,No,False,False
Bounou Yassine,310 000 �,GK,No,No,No,False,False
Mohamedi Munir,300 000 �,GK,No,No,No,False,False
Tagnaouti Ahmed,290 000 �,GK,No,No,No,False,False
Acevedo Carlos,300 000 �,GK,No,No,No,False,False
Ochoa Guillermo,305 000 �,GK,No,No,No,False,False
Rangel Ra�l,310 000 �,GK,No,No,No,False,False
Nyland �rjan,345 000 �,GK,No,No,No,False,False
Selvik Egil,335 000 �,GK,No,No,No,False,False
Tangvik Sander,330 000 �,GK,No,No,No,False,False
Fofana Yahia,295 000 �,GK,No,No,No,False,False
Kon� Mohamed,280 000 �,GK,No,No,No,False,False
Lafont Alban,290 000 �,GK,No,No,No,False,False
Mej�a Luis,230 000 �,GK,No,No,No,False,False
Mosquera Orlando,230 000 �,GK,No,No,No,False,False
Samudio C�sar,225 000 �,GK,No,No,No,False,False
Fern�ndez Gatito,280 000 �,GK,No,No,No,False,False
Gill Orlando,275 000 �,GK,No,No,No,False,False
Olveira Gast�n,270 000 �,GK,No,No,No,False,False
Costa Diogo,370 000 �,GK,No,No,No,False,False
S� Jos�,360 000 �,GK,No,No,No,False,False
Silva Rui,355 000 �,GK,No,No,No,False,False
Abunada Mahmud,230 000 �,GK,No,No,No,False,False
Barsham Meshaal,235 000 �,GK,No,No,No,False,False
Zakaria Salah,230 000 �,GK,No,No,No,False,False
Maignan Mike,380 000 �,GK,No,No,No,False,False
Risser Robin,365 000 �,GK,No,No,No,False,False
Samba Brice,365 000 �,GK,No,No,No,False,False
Johansson Viktor,270 000 �,GK,No,No,No,False,False
Nordfeldt Kristoffer,280 000 �,GK,No,No,No,False,False
Widell Zetterstr�m Jacob,265 000 �,GK,No,No,No,False,False
Baumann Oliver,365 000 �,GK,No,No,No,False,False
Neuer Manuel,365 000 �,GK,No,No,No,False,False
N�bel Alexander,355 000 �,GK,No,No,No,False,False
Al-Aqidi Nawaf,245 000 �,GK,No,No,No,False,False
Al-Kassar Ahmed,240 000 �,GK,No,No,No,False,False
Al-Owais Mohammed,245 000 �,GK,No,No,No,False,False
Diaw Mory,280 000 �,GK,No,No,No,False,False
Diouf Yehvann,280 000 �,GK,No,No,No,False,False
Mendy �douard,295 000 �,GK,No,No,No,False,False
Gordon Craig,285 000 �,GK,No,No,No,False,False
Gunn Angus,290 000 �,GK,No,No,No,False,False
Kelly Liam,280 000 �,GK,No,No,No,False,False
Keller Marvin,285 000 �,GK,No,No,No,False,False
Kobel Gregor,305 000 �,GK,No,No,No,True,False
Mvogo Yvon,295 000 �,GK,No,No,No,False,False
Horn�?ek Luk�,280 000 �,GK,No,No,No,False,False
Kov�? Mat?j,290 000 �,GK,No,No,No,False,False
Stan?k Jind?ich,290 000 �,GK,No,No,No,False,False
Ben Hessen Sabri,245 000 �,GK,No,No,No,False,False
Chamakh Mouhib,245 000 �,GK,No,No,No,False,False
Dahmen Aymen,255 000 �,GK,No,No,No,False,False
Bay?nd?r Altay,285 000 �,GK,No,No,No,False,False
�ak?r U?urcan,290 000 �,GK,No,No,No,False,False
G�nok Mert,285 000 �,GK,No,No,No,False,False
Mele Santiago,305 000 �,GK,No,No,No,False,False
Muslera Fernando,305 000 �,GK,No,No,No,False,False
Rochet Sergio,310 000 �,GK,No,No,No,False,False
Brady Chris,295 000 �,GK,No,No,No,False,False
Freese Matt,310 000 �,GK,No,No,No,False,False
Turner Matt,310 000 �,GK,No,No,No,False,False
Crocombe Max,235 000 �,GK,No,No,No,False,False
Paulsen Alex,235 000 �,GK,No,No,No,False,False
Woud Michael,230 000 �,GK,No,No,No,False,False
Ergashev Botirali,225 000 �,GK,No,No,No,False,False
Nematov Abduvohid,225 000 �,GK,No,No,No,False,False
Yusupov Utkir,230 000 �,GK,No,No,No,False,False
Abada Achraf,260 000 �,DEF,No,No,No,False,False
A�t-Nouri Rayan,290 000 �,DEF,No,No,No,False,False
Bela�d Zineddine,265 000 �,DEF,No,No,No,False,False
Belghali Rafik,280 000 �,DEF,No,No,No,False,False
Bensebaini Ramy,280 000 �,DEF,No,No,No,False,False
Chergui Samir,260 000 �,DEF,No,No,No,False,False
Hadjam Jaouen,275 000 �,DEF,No,No,No,False,False
Mandi A�ssa,280 000 �,DEF,No,No,No,False,False
Tougai Mohamed,270 000 �,DEF,No,No,No,False,False
Mart�nez Lisandro,350 000 �,DEF,No,No,No,False,False
Medina Facundo,335 000 �,DEF,No,No,No,False,False
Molina Nahuel,355 000 �,DEF,No,No,No,False,False
Montiel Gonzalo,345 000 �,DEF,No,No,No,False,False
Otamendi Nicol�s,360 000 �,DEF,No,No,No,False,False
Romero Cristian,355 000 �,DEF,No,No,No,False,False
Tagliafico Nicol�s,360 000 �,DEF,No,No,No,False,False
Behich Aziz,255 000 �,DEF,No,No,No,False,False
Bos Jordan,255 000 �,DEF,No,No,No,False,False
Burgess Cameron,255 000 �,DEF,No,No,No,False,False
Circati Alessandro,245 000 �,DEF,No,No,No,False,False
Degenek Milo�,250 000 �,DEF,No,No,No,False,False
Geria Jason,250 000 �,DEF,No,No,No,False,False
Herrington Lucas,230 000 �,DEF,No,No,No,False,False
Italiano Jacob,235 000 �,DEF,No,No,No,False,False
Souttar Harry,260 000 �,DEF,No,No,No,False,False
Trewin Kai,235 000 �,DEF,No,No,No,False,False
Castagne Timothy,345 000 �,DEF,No,No,No,False,False
De Cuyper Maxim,350 000 �,DEF,No,No,Corners,True,False
De Winter Koni,320 000 �,DEF,No,No,No,False,False
Debast Zeno,340 000 �,DEF,No,No,No,False,False
Mechele Brandon,325 000 �,DEF,No,No,No,False,False
Meunier Thomas,350 000 �,DEF,No,No,No,False,False
Ngoy Nathan,320 000 �,DEF,No,No,No,False,False
Seys Joaquin,320 000 �,DEF,No,No,No,False,False
Theate Arthur,340 000 �,DEF,No,No,No,False,False
?elik Nidal,260 000 �,DEF,No,No,No,False,False
Dedi? Amar,280 000 �,DEF,No,No,Corners,False,False
Had�ikaduni? Dennis,280 000 �,DEF,No,No,No,False,False
Kati? Nikola,280 000 �,DEF,No,No,No,False,False
Kola�inac Sead,285 000 �,DEF,No,No,No,False,False
Muharemovi? Tarik,280 000 �,DEF,No,No,No,False,False
Mujaki? Nihad,270 000 �,DEF,No,No,No,False,False
Radelji? Stjepan,260 000 �,DEF,No,No,No,False,False
Bremer,345 000 �,DEF,No,No,No,False,False
Danilo,355 000 �,DEF,No,No,Free kicks,False,False
Iba�ez Roger,335 000 �,DEF,No,No,No,False,False
Magalh�es Gabriel,360 000 �,DEF,No,No,No,False,False
Marquinhos,360 000 �,DEF,No,No,No,False,False
Pereira L�o,330 000 �,DEF,No,No,No,False,False
Sandro Alex,355 000 �,DEF,No,No,No,False,False
Santos Douglas,340 000 �,DEF,No,No,No,False,False
Bazoer Riechedly,220 000 �,DEF,No,No,No,False,False
Brenet Joshua,225 000 �,DEF,No,No,No,False,False
Floranus Sherel,225 000 �,DEF,No,No,No,False,False
Fonville Deveron,220 000 �,DEF,No,No,No,False,False
Gaari Juri�n,225 000 �,DEF,No,No,No,False,False
Obispo Armando,220 000 �,DEF,No,No,No,False,False
Sambo Shurandy,225 000 �,DEF,No,No,No,False,False
van Eijma Roshon,225 000 �,DEF,No,No,No,False,False
Estupi��n Pervis,305 000 �,DEF,No,No,No,False,False
Hincapie Piero,300 000 �,DEF,No,No,No,False,False
Medina Yaimar,285 000 �,DEF,No,No,No,False,False
Ordonez Joel,295 000 �,DEF,No,No,No,False,False
Pacho Willian,305 000 �,DEF,No,No,No,True,False
Porozo Jackson,290 000 �,DEF,No,No,No,False,False
Preciado �ngelo,295 000 �,DEF,No,No,No,False,False
Torres Felix,300 000 �,DEF,No,No,No,False,False
Abdelmaguid Hossam,275 000 �,DEF,No,No,No,False,False
Abdelmonem Mohamed,285 000 �,DEF,No,No,No,False,False
Alaa Tarek,265 000 �,DEF,No,No,No,False,False
Fatouh Ahmed,280 000 �,DEF,No,No,No,False,False
Hafez Karim,265 000 �,DEF,No,No,No,False,False
Hany Mohamed,285 000 �,DEF,No,No,No,False,False
Ibrahim Yasser,280 000 �,DEF,No,No,No,False,False
Rabia Ramy,285 000 �,DEF,No,No,No,False,False
Burn Dan,350 000 �,DEF,No,No,No,False,False
Guehi Marc,360 000 �,DEF,No,No,No,False,False
James Reece,365 000 �,DEF,No,No,Free kicks,False,False
Konsa Ezri,360 000 �,DEF,No,No,No,False,False
Livramento Tino,355 000 �,DEF,No,No,No,False,False
O�Reilly Nico,365 000 �,DEF,No,No,No,False,False
Quansah Jarell,340 000 �,DEF,No,No,No,False,False
Spence Djed,345 000 �,DEF,No,No,No,False,False
Stones John,350 000 �,DEF,No,No,No,False,False
Cubars� Pau,360 000 �,DEF,No,No,No,False,False
Cucurella Marc,365 000 �,DEF,No,No,No,False,False
Garcia Eric,355 000 �,DEF,No,No,No,False,False
Grimaldo Alejandro,370 000 �,DEF,No,No,Corners,False,False
Laporte Aymeric,360 000 �,DEF,No,No,No,False,False
Llorente Marcos,355 000 �,DEF,No,No,No,False,False
Porro Pedro,365 000 �,DEF,No,No,Corners,False,False
Pubill Marc,345 000 �,DEF,No,No,No,False,False
Cross Bradley,225 000 �,DEF,No,No,No,False,False
Kabini Samukele,230 000 �,DEF,No,No,No,False,False
Makhanya Olwethu,225 000 �,DEF,No,No,No,False,False
Matuludi Thabang,230 000 �,DEF,No,No,No,False,False
Mbokazi Mbekezeli,235 000 �,DEF,No,No,No,False,False
Modiba Aubrey,235 000 �,DEF,No,No,Free kicks,False,False
Mudau Khuliso,235 000 �,DEF,No,No,No,False,False
Ndamane Khulumani,230 000 �,DEF,No,No,No,False,False
Okon Ime,235 000 �,DEF,No,No,No,False,False
Sibisi Nkosinathi,235 000 �,DEF,No,No,No,False,False
Cho Wi-je,255 000 �,DEF,No,No,No,False,False
Kim Min-jae,280 000 �,DEF,No,No,No,False,False
Kim Moon-hwan,270 000 �,DEF,No,No,No,False,False
Kim Tae-hyeon,265 000 �,DEF,No,No,No,False,False
Lee Han-beom,270 000 �,DEF,No,No,No,False,False
Lee Ki-hyuk,255 000 �,DEF,No,No,No,False,False
Lee Tae-seok,275 000 �,DEF,No,No,No,False,False
Seol Young-woo,280 000 �,DEF,No,No,No,False,False
Adjetey Jonas,240 000 �,DEF,No,No,No,False,False
Luckassen Derrick,245 000 �,DEF,No,No,No,False,False
Mensah Gideon,260 000 �,DEF,No,No,No,False,False
Mumin Abdul,240 000 �,DEF,No,No,No,False,False
Opoku Jerome,255 000 �,DEF,No,No,No,False,False
Oppong Kojo Peprah,255 000 �,DEF,No,No,No,False,False
Rahman Baba,260 000 �,DEF,No,No,No,False,False
Seidu Alidu,250 000 �,DEF,No,No,No,False,False
Senaya Marvin,245 000 �,DEF,No,No,No,False,False
Ad� Ricardo,225 000 �,DEF,No,No,No,False,False
Arcus Carlens,225 000 �,DEF,No,No,No,False,False
Delcroix Hannes,220 000 �,DEF,No,No,No,False,False
Duverne Jean-K�vin,225 000 �,DEF,No,No,No,False,False
Exp�rience Martin,225 000 �,DEF,No,No,No,False,False
Lacroix Markhus,225 000 �,DEF,No,No,No,False,False
Paugain Wilguens,220 000 �,DEF,No,No,No,False,False
Thermoncy Keeto,220 000 �,DEF,No,No,No,False,False
Ak� Nathan,345 000 �,DEF,No,No,No,False,False
Dumfries Denzel,365 000 �,DEF,No,No,No,False,False
Hato Jorrel,330 000 �,DEF,No,No,No,False,False
Timber Jurri�n,350 000 �,DEF,No,No,No,False,False
van de Ven Micky,350 000 �,DEF,No,No,No,False,False
van Dijk Virgil,355 000 �,DEF,No,No,No,False,False
van Hecke Jan Paul,335 000 �,DEF,No,No,No,False,False
Wieffer Mats,340 000 �,DEF,No,No,No,False,False
Ali Hussein,225 000 �,DEF,No,No,No,False,False
Doski Merchas,225 000 �,DEF,No,No,No,False,False
Hashim Akam,225 000 �,DEF,No,No,No,False,False
Maknzi Ahmed,220 000 �,DEF,No,No,No,False,False
Putros Frans,220 000 �,DEF,No,No,No,False,False
Saadoon Mustafa,220 000 �,DEF,No,No,No,False,False
Sulaka Rebin,225 000 �,DEF,No,No,No,False,False
Tahseen Zaid,225 000 �,DEF,No,No,No,False,False
Younus Munaf,220 000 �,DEF,No,No,No,False,False
Eiri Danial,240 000 �,DEF,No,No,No,False,False
Hajsafi Ehsan,250 000 �,DEF,No,No,No,False,False
Hardani Saleh,260 000 �,DEF,No,No,No,False,False
Kanaanizadegan Hossein,260 000 �,DEF,No,No,No,False,False
Khalilzadeh Shojae,260 000 �,DEF,No,No,No,False,False
Mohammadi Milad,260 000 �,DEF,No,No,No,False,False
Nemati Ali,255 000 �,DEF,No,No,No,False,False
Rezaeian Ramin,250 000 �,DEF,No,No,No,False,False
Yousefi Aria,250 000 �,DEF,No,No,No,False,False
Affengruber David,260 000 �,DEF,No,No,No,False,False
Alaba David,300 000 �,DEF,No,No,Both,False,False
Danso Kevin,285 000 �,DEF,No,No,No,False,False
Friedl Marco,270 000 �,DEF,No,No,No,False,False
Lienhart Philipp,290 000 �,DEF,No,No,No,False,False
Mwene Phillipp,290 000 �,DEF,No,No,No,False,False
Posch Stefan,295 000 �,DEF,No,No,No,False,False
Prass Alexander,280 000 �,DEF,No,No,No,False,False
Svoboda Michael,260 000 �,DEF,No,No,No,False,False
Itakura K?,280 000 �,DEF,No,No,No,False,False
It? Hiroki,285 000 �,DEF,No,No,No,False,False
Nagatomo Y?to,270 000 �,DEF,No,No,No,False,False
Seko Ayumu,280 000 �,DEF,No,No,No,False,False
Sugawara Yukinari,290 000 �,DEF,No,No,Corners,False,False
Suzuki Junnosuke,270 000 �,DEF,No,No,No,False,False
Taniguchi Sh?go,285 000 �,DEF,No,No,No,False,False
Tomiyasu Takehiro,280 000 �,DEF,No,No,No,False,False
Watanabe Tsuyoshi,275 000 �,DEF,No,No,No,False,False
Abu Daha Husam,220 000 �,DEF,No,No,No,False,False
Abu Hashish Mohammad,225 000 �,DEF,No,No,No,False,False
Abualnadi Mohammad,225 000 �,DEF,No,No,No,False,False
Al-Arab Yazan,225 000 �,DEF,No,No,No,False,False
Al-Rosan Saed,225 000 �,DEF,No,No,No,False,False
Badawi Anas,220 000 �,DEF,No,No,No,False,False
Haddad Ihsan,225 000 �,DEF,No,No,No,False,False
Nasib Abdallah,225 000 �,DEF,No,No,No,False,False
Obaid Salim,220 000 �,DEF,No,No,No,False,False
Bombito Mo�se,285 000 �,DEF,No,No,No,False,False
Cornelius Derek,290 000 �,DEF,No,No,No,False,False
Davies Alphonso,315 000 �,DEF,No,No,Both,False,False
de Fougerolles Luc,275 000 �,DEF,No,No,No,False,False
Johnston Alistair,290 000 �,DEF,No,No,No,False,False
Jones Alfie,270 000 �,DEF,No,No,No,False,False
Laryea Richie,290 000 �,DEF,No,No,No,False,False
Sigur Niko,280 000 �,DEF,No,No,No,False,False
Waterman Joel,275 000 �,DEF,No,No,No,False,False
Costa Logan,225 000 �,DEF,No,No,No,False,False
Diney,225 000 �,DEF,No,No,No,False,False
Lopes Cabral Sidny,225 000 �,DEF,No,No,No,False,False
Lopes Pico,225 000 �,DEF,No,No,No,False,False
Moreira Steven,220 000 �,DEF,No,No,No,False,False
Paulo Jo�o,225 000 �,DEF,No,No,No,False,False
Pina Wagner,220 000 �,DEF,No,No,No,False,False
Pires Kelvin,220 000 �,DEF,No,No,No,False,False
Stopira,220 000 �,DEF,No,No,No,False,False
Arias Santiago,330 000 �,DEF,No,No,No,False,False
Ditta Willer,315 000 �,DEF,No,No,No,False,False
Lucum� Jhon,340 000 �,DEF,No,No,No,False,False
Machado Deiver,320 000 �,DEF,No,No,No,False,False
Mina Yerry,335 000 �,DEF,No,No,No,False,False
Mojica Johan,335 000 �,DEF,No,No,No,False,False
Mu�oz Daniel,345 000 �,DEF,No,No,No,False,False
S�nchez Davinson,345 000 �,DEF,No,No,No,False,False
Batubinsika Dylan,235 000 �,DEF,No,No,No,False,False
Kalulu G�d�on,235 000 �,DEF,No,No,No,False,False
Kapuadi Steve,225 000 �,DEF,No,No,No,False,False
Kayembe Joris,240 000 �,DEF,No,No,No,False,False
Masuaku Arthur,245 000 �,DEF,No,No,Both,False,False
Mbemba Chancel,245 000 �,DEF,No,No,No,False,False
Tuanzebe Axel,245 000 �,DEF,No,No,No,False,False
Wan-Bissaka Aaron,245 000 �,DEF,No,No,No,False,False
?aleta-Car Duje,300 000 �,DEF,No,No,No,False,False
Erli? Martin,280 000 �,DEF,No,No,No,False,False
Gvardiol Jo�ko,315 000 �,DEF,No,No,No,False,False
Pongra?i? Marin,295 000 �,DEF,No,No,No,False,False
Stani�i? Josip,305 000 �,DEF,No,No,No,False,False
�utalo Josip,300 000 �,DEF,No,No,No,False,False
Vu�kovi? Luka,290 000 �,DEF,No,No,No,False,False
Aguerd Nayef,305 000 �,DEF,No,No,No,False,False
Belammari Youssef,290 000 �,DEF,No,No,No,False,False
Diop Issa,300 000 �,DEF,No,No,No,False,False
El Ouahdi Zakaria,300 000 �,DEF,No,No,Corners,False,False
Hakimi Achraf,335 000 �,DEF,Yes,Secondary,Both,False,False
Halhal Redouane,290 000 �,DEF,No,No,No,False,False
Mazraoui Noussair,305 000 �,DEF,No,No,No,False,False
Riad Chadi,300 000 �,DEF,No,No,No,False,False
Salah-Eddine Anass,295 000 �,DEF,No,No,No,False,False
Ch�vez Mateo,295 000 �,DEF,No,No,No,False,False
Gallardo Jes�s,305 000 �,DEF,No,No,No,False,False
Montes C�sar,305 000 �,DEF,No,No,No,False,False
Reyes Israel,300 000 �,DEF,No,No,No,False,False
S�nchez Jorge,305 000 �,DEF,No,No,No,False,False
V�squez Johan,300 000 �,DEF,No,No,No,False,False
Ajer Kristoffer,335 000 �,DEF,No,No,No,False,False
Bj�rkan Fredrik Andr�,320 000 �,DEF,No,No,No,False,False
Falchener Henrik,315 000 �,DEF,No,No,No,False,False
Heggem Torbj�rn,335 000 �,DEF,No,No,No,False,False
Holmgren Pedersen Marcus,330 000 �,DEF,No,No,No,False,False
Lang�s Sondre,320 000 �,DEF,No,No,No,False,False
M�ller Wolfe David,340 000 �,DEF,No,No,No,False,False
�stig�rd Leo,330 000 �,DEF,No,No,No,False,False
Ryerson Julian,340 000 �,DEF,No,No,Both,False,False
Agbadou Emmanuel,285 000 �,DEF,No,No,No,False,False
Diomande Ousmane,280 000 �,DEF,No,No,No,False,False
Dou� Gu�la,285 000 �,DEF,No,No,No,False,False
Konan Ghislain,290 000 �,DEF,No,No,No,False,False
Kossounou Odilon,290 000 �,DEF,No,No,No,False,False
Ndicka Evan,290 000 �,DEF,No,No,No,False,False
Op�ri Christopher,270 000 �,DEF,No,No,No,False,False
Singo Wilfried,285 000 �,DEF,No,No,No,False,False
Andrade Andr�s,225 000 �,DEF,No,No,No,False,False
Blackman C�sar,225 000 �,DEF,No,No,No,False,False
C�rdoba Jos�,220 000 �,DEF,No,No,No,False,False
Davis Eric,235 000 �,DEF,Yes,Primary,Both,False,False
Escobar Fidel,225 000 �,DEF,No,No,No,False,False
Fari�a Edgardo,220 000 �,DEF,No,No,No,False,False
Guti�rrez Jorge,220 000 �,DEF,No,No,No,False,False
Miller Roderick,220 000 �,DEF,No,No,No,False,False
Murillo Amir,225 000 �,DEF,No,No,Free kicks,False,False
Ramos Jiovany,220 000 �,DEF,No,No,No,False,False
Alderete Omar,280 000 �,DEF,No,No,No,False,False
Alonso J�nior,275 000 �,DEF,No,No,No,False,False
Balbuena Fabi�n,270 000 �,DEF,No,No,No,False,False
C�ceres Juan,270 000 �,DEF,No,No,No,False,False
Canale Jos�,260 000 �,DEF,No,No,No,False,False
G�mez Gustavo,275 000 �,DEF,No,No,No,False,False
Maidana Alexandro,260 000 �,DEF,No,No,No,False,False
Vel�zquez Gustavo,265 000 �,DEF,No,No,No,False,False
Ara�jo Tom�s,340 000 �,DEF,No,No,No,False,False
Cancelo Jo�o,370 000 �,DEF,No,No,No,False,False
Dalot Diogo,355 000 �,DEF,No,No,No,False,False
Dias R�ben,360 000 �,DEF,No,No,No,False,False
In�cio Gon�alo,350 000 �,DEF,No,No,No,False,False
Mendes Nuno,360 000 �,DEF,No,No,No,False,False
Nunes Matheus,350 000 �,DEF,No,No,No,False,False
Semedo N�lson,355 000 �,DEF,No,No,No,False,False
Veiga Renato,350 000 �,DEF,No,No,No,False,False
Ahmed Homam,230 000 �,DEF,No,No,No,False,False
Al-Brake Sultan,230 000 �,DEF,No,No,No,False,False
Al-Hussain Al-Hashmi,225 000 �,DEF,No,No,No,False,False
Al-Oui Ayoub,225 000 �,DEF,No,No,No,False,False
Khoukhi Boualem,230 000 �,DEF,No,No,No,False,False
Laye Issa,225 000 �,DEF,No,No,No,False,False
Mendes Lucas,230 000 �,DEF,No,No,No,False,False
Miguel Pedro,230 000 �,DEF,No,No,No,False,False
Digne Lucas,365 000 �,DEF,No,No,No,False,False
Gusto Malo,360 000 �,DEF,No,No,No,False,False
Hernandez Lucas,345 000 �,DEF,No,No,No,False,False
Hernandez Th�o,365 000 �,DEF,No,No,No,False,False
Konat� Ibrahima,355 000 �,DEF,No,No,No,False,False
Kound� Jules,365 000 �,DEF,No,No,No,False,False
Lacroix Maxence,345 000 �,DEF,No,No,No,False,False
Saliba William,360 000 �,DEF,No,No,No,True,False
Upamecano Dayot,360 000 �,DEF,No,No,No,False,False
Ekdal Hjalmar,260 000 �,DEF,No,No,No,False,False
Gudmundsson Gabriel,280 000 �,DEF,No,No,No,False,False
Hien Isak,275 000 �,DEF,No,No,No,False,False
Lagerbielke Gustaf,275 000 �,DEF,No,No,No,False,False
Lindel�f Victor,275 000 �,DEF,No,No,No,False,False
Smith Eric,255 000 �,DEF,No,No,No,False,False
Starfelt Carl,265 000 �,DEF,No,No,No,False,False
Stroud Elliot,255 000 �,DEF,No,No,No,False,False
Svensson Daniel,280 000 �,DEF,No,No,No,False,False
Anton Waldemar,345 000 �,DEF,No,No,No,False,False
Brown Nathaniel,340 000 �,DEF,No,No,No,False,False
Kimmich Joshua,365 000 �,DEF,Yes,Secondary,Corners,False,False
Raum David,360 000 �,DEF,No,No,Both,False,False
R�diger Antonio,360 000 �,DEF,No,No,No,False,False
Schlotterbeck Nico,355 000 �,DEF,No,No,No,False,False
Tah Jonathan,355 000 �,DEF,No,No,No,False,False
Thiaw Malick,350 000 �,DEF,No,No,No,False,False
Abdulhamid Saud,240 000 �,DEF,No,No,No,False,False
Abu Al-Shamat Mohammed,230 000 �,DEF,No,No,Both,False,False
Al-Amri Abdulelah,235 000 �,DEF,No,No,No,False,False
Al-Harbi Moteb,230 000 �,DEF,No,No,No,False,False
Al-Tambakti Hassan,240 000 �,DEF,No,No,No,False,False
Bu Washl Nawaf,235 000 �,DEF,No,No,No,False,False
Kadesh Hassan,240 000 �,DEF,No,No,No,False,False
Lajami Ali,240 000 �,DEF,No,No,No,False,False
Majrashi Ali,235 000 �,DEF,No,No,No,False,False
Thakri Jehad,230 000 �,DEF,No,No,No,False,False
Diatta Kr�pin,290 000 �,DEF,No,No,Corners,False,False
Diouf El Hadji Malick,290 000 �,DEF,No,No,No,False,False
Jakobs Ismail,285 000 �,DEF,No,No,No,False,False
Koulibaly Kalidou,295 000 �,DEF,No,No,No,False,False
Mendy Antoine,275 000 �,DEF,No,No,No,False,False
Niakhat� Moussa,290 000 �,DEF,No,No,No,False,False
Sarr Mamadou,275 000 �,DEF,No,No,No,False,False
Seck Abdoulaye,285 000 �,DEF,No,No,No,False,False
Hanley Grant,285 000 �,DEF,No,No,No,False,False
Hendry Jack,265 000 �,DEF,No,No,No,False,False
Hickey Aaron,285 000 �,DEF,No,No,No,False,False
Hyam Dominic,260 000 �,DEF,No,No,No,False,False
McKenna Scott,280 000 �,DEF,No,No,No,False,False
Patterson Nathan,280 000 �,DEF,No,No,No,False,False
Ralston Anthony,280 000 �,DEF,No,No,No,False,False
Robertson Andy,295 000 �,DEF,No,No,Corners,False,False
Souttar John,270 000 �,DEF,No,No,No,False,False
Tierney Kieran,290 000 �,DEF,No,No,No,False,False
Akanji Manuel,300 000 �,DEF,No,No,No,False,False
Amenda Aur�le,280 000 �,DEF,No,No,No,False,False
C�mert Eray,290 000 �,DEF,No,No,No,False,False
Elvedi Nico,300 000 �,DEF,No,No,No,False,False
Jaquez Luca,280 000 �,DEF,No,No,No,False,False
Muheim Miro,290 000 �,DEF,No,No,No,False,False
Rodriguez Ricardo,305 000 �,DEF,No,No,No,False,False
Widmer Silvan,300 000 �,DEF,No,No,No,False,False
Chaloupek �t?p�n,270 000 �,DEF,No,No,No,False,False
Coufal Vladim�r,295 000 �,DEF,No,No,Corners,False,False
Hole� Tom�,285 000 �,DEF,No,No,No,False,False
Hran�? Robin,285 000 �,DEF,No,No,No,False,False
Jur�sek David,280 000 �,DEF,No,No,No,False,False
Krej?� Ladislav,295 000 �,DEF,No,No,No,False,False
Zelen� Jaroslav,285 000 �,DEF,No,No,No,False,False
Zima David,275 000 �,DEF,No,No,No,False,False
Abdi Ali,255 000 �,DEF,Yes,Primary,Both,False,False
Arous Adem,230 000 �,DEF,No,No,No,False,False
Ben Hamida Mohamed Amine,240 000 �,DEF,No,No,No,False,False
Bronn Dylan,250 000 �,DEF,No,No,No,False,False
Chikhaoui Raed,230 000 �,DEF,No,No,No,False,False
Neffati Moutaz,240 000 �,DEF,No,No,No,False,False
Rekik Omar,230 000 �,DEF,No,No,No,False,False
Talbi Montassar,250 000 �,DEF,No,No,No,False,False
Valery Yan,250 000 �,DEF,No,No,No,False,False
Akaydin Samet,280 000 �,DEF,No,No,No,False,False
Bardakc? Abd�lkerim,290 000 �,DEF,No,No,No,False,False
�elik Zeki,285 000 �,DEF,No,No,No,False,False
Demiral Merih,285 000 �,DEF,No,No,No,False,False
Elmal? Eren,280 000 �,DEF,No,No,No,False,False
Kabak Ozan,275 000 �,DEF,No,No,No,False,False
Kad?o?lu Ferdi,290 000 �,DEF,No,No,No,False,False
M�ld�r Mert,285 000 �,DEF,No,No,No,False,False
S�y�nc� �a?lar,275 000 �,DEF,No,No,No,False,False
Araujo Ronald,305 000 �,DEF,No,No,No,False,False
Bueno Santiago,290 000 �,DEF,No,No,No,False,False
C�ceres Sebasti�n,305 000 �,DEF,No,No,No,False,False
Gimenez Jose Maria,305 000 �,DEF,No,No,No,False,False
Olivera Mathias,305 000 �,DEF,No,No,No,False,False
Piquerez Joaqu�n,290 000 �,DEF,No,No,No,False,False
Varela Guillermo,300 000 �,DEF,No,No,No,False,False
Vi�a Mat�as,300 000 �,DEF,No,No,No,False,False
Arfsten Maximilian,290 000 �,DEF,No,No,No,False,False
Dest Sergi�o,300 000 �,DEF,No,No,Corners,False,False
Freeman Alex,300 000 �,DEF,No,No,No,False,False
McKenzie Mark,290 000 �,DEF,No,No,No,False,False
Ream Tim,295 000 �,DEF,No,No,No,False,False
Richards Chris,300 000 �,DEF,No,No,No,False,False
Robinson Antonee,310 000 �,DEF,No,No,No,False,False
Robinson Miles,295 000 �,DEF,No,No,No,False,False
Scally Joe,285 000 �,DEF,No,No,No,False,False
Trusty Auston,280 000 �,DEF,No,No,No,False,False
Bindon Tyler,230 000 �,DEF,No,No,No,False,False
Boxall Michael,225 000 �,DEF,No,No,No,False,False
Cacace Liberato,225 000 �,DEF,No,No,No,False,False
de Vries Francis,220 000 �,DEF,No,No,No,False,False
Elliot Callan,220 000 �,DEF,No,No,No,False,False
Payne Tim,225 000 �,DEF,No,No,Corners,False,False
Pijnaker Nando,220 000 �,DEF,No,No,No,False,False
Smith Tommy,220 000 �,DEF,No,No,No,False,False
Surman Finn,225 000 �,DEF,No,No,No,False,False
Abdullaev Abdulla,225 000 �,DEF,No,No,No,False,False
Alijonov Khojiakbar,225 000 �,DEF,No,No,No,False,False
Ashurmatov Rustam,225 000 �,DEF,No,No,No,False,False
Eshmurodov Umar,225 000 �,DEF,No,No,No,False,False
Karimov Bekhruz,220 000 �,DEF,No,No,No,False,False
Khusanov Abdukodir,230 000 �,DEF,No,No,No,False,False
Nasrullaev Sherzod,225 000 �,DEF,No,No,No,False,False
Sayfiev Farrukh,225 000 �,DEF,No,No,No,False,False
Ulmasaliev Avazbek,220 000 �,DEF,No,No,No,False,False
Urozov Jakhongir,220 000 �,DEF,No,No,No,False,False
Aouar Houssem,290 000 �,MID,No,No,Corners,False,False
Bentaleb Nabil,280 000 �,MID,No,No,No,False,False
Boudaoui Hicham,265 000 �,MID,No,No,No,False,False
Boulbina Adil,300 000 �,MID,No,No,No,False,False
Cha�bi Far�s,305 000 �,MID,No,No,No,False,False
Mahrez Riyad,335 000 �,MID,Yes,Primary,Both,False,False
Maza Ibrahim,325 000 �,MID,No,No,No,False,False
Titraoui Yassine,260 000 �,MID,No,No,No,False,False
Zerrouki Ramiz,270 000 �,MID,No,No,No,False,False
Almada Thiago,380 000 �,MID,No,No,No,False,False
Barco Valent�n,315 000 �,MID,No,No,No,False,False
De Paul Rodrigo,350 000 �,MID,No,No,Corners,False,False
Fern�ndez Enzo,370 000 �,MID,No,No,No,False,False
Gonz�lez Nico,355 000 �,MID,No,No,No,False,False
Lo Celso Giovani,330 000 �,MID,No,No,No,False,False
Mac Allister Alexis,365 000 �,MID,No,No,No,False,False
Messi Lionel,430 000 �,MID,Yes,Primary,Both,False,False
Palacios Exequiel,325 000 �,MID,No,No,No,False,False
Paredes Leandro,330 000 �,MID,No,No,Corners,False,False
Paz Nico,340 000 �,MID,No,No,No,False,False
Simeone Giuliano,335 000 �,MID,No,No,No,False,False
Devlin Cameron,240 000 �,MID,No,No,No,False,False
Hrustic Ajdin,255 000 �,MID,Yes,Primary,Free kicks,False,False
Irankunda Nestory,265 000 �,MID,Yes,Secondary,Both,False,False
Irvine Jackson,260 000 �,MID,No,No,No,False,False
Leckie Mathew,245 000 �,MID,No,No,No,False,False
Mabil Awer,260 000 �,MID,No,No,Corners,False,False
Metcalfe Connor,255 000 �,MID,No,No,Corners,False,False
O'Neill Aiden,250 000 �,MID,No,No,No,False,False
Okon-Engstler Paul,240 000 �,MID,No,No,No,False,False
Volpato Cristian,250 000 �,MID,No,No,No,False,False
De Bruyne Kevin,390 000 �,MID,Yes,Primary,Both,False,False
De Ketelaere Charles,365 000 �,MID,No,No,No,False,False
Doku J�r�my,385 000 �,MID,No,No,No,False,False
Luk�bakio Dodi,355 000 �,MID,No,No,No,False,False
Moreira Diego,320 000 �,MID,No,No,No,False,False
Onana Amadou,315 000 �,MID,No,No,No,False,False
Raskin Nicolas,310 000 �,MID,No,No,No,False,False
Saelemaekers Alexis,330 000 �,MID,No,No,No,False,False
Tielemans Youri,345 000 �,MID,No,No,Both,False,False
Trossard Leandro,375 000 �,MID,No,No,No,False,False
Vanaken Hans,330 000 �,MID,No,No,No,False,False
Witsel Axel,305 000 �,MID,No,No,No,False,False
Alajbegovi? Kerim,300 000 �,MID,Yes,Secondary,Both,False,False
Bajraktarevi? Esmir,300 000 �,MID,No,No,Both,False,False
Ba�i? Ivan,265 000 �,MID,No,No,No,False,False
Burni? D�enis,265 000 �,MID,No,No,No,False,False
Gigovi? Armin,270 000 �,MID,No,No,No,False,False
Had�iahmetovi? Amir,260 000 �,MID,No,No,No,False,False
Mahmi? Ermin,275 000 �,MID,No,No,No,False,False
Memi? Amar,290 000 �,MID,No,No,No,False,False
�unji? Ivan,275 000 �,MID,No,No,No,False,False
Tahirovi? Benjamin,280 000 �,MID,No,No,Free kicks,False,False
Casemiro,340 000 �,MID,No,No,No,False,False
Fabinho,315 000 �,MID,No,No,No,False,False
Guimar�es Bruno,360 000 �,MID,No,No,No,False,False
Henrique Luiz,355 000 �,MID,No,No,No,False,False
J�nior Vin�cius,410 000 �,MID,No,No,No,False,False
Martinelli Gabriel,360 000 �,MID,No,No,No,False,False
Neymar,375 000 �,MID,Yes,Secondary,No,False,False
Paquet� Lucas,355 000 �,MID,No,No,No,False,False
Raphinha,405 000 �,MID,Yes,Primary,Both,False,False
Rayan,340 000 �,MID,No,No,No,False,False
Santos Danilo,320 000 �,MID,No,No,No,False,False
Silva �derson,320 000 �,MID,No,No,No,False,False
Antonisse Jeremy,230 000 �,MID,No,No,Both,False,False
Bacuna Juninho,250 000 �,MID,Yes,Secondary,Corners,False,False
Bacuna Leandro,245 000 �,MID,Yes,Primary,Both,False,False
Chong Tahith,230 000 �,MID,No,No,No,False,False
Comenencia Livano,225 000 �,MID,No,No,No,False,False
Felida Kevin,225 000 �,MID,No,No,No,False,False
Gorr� Kenji,250 000 �,MID,No,No,No,False,False
Hansen Sontje,235 000 �,MID,No,No,No,False,False
Kuwas Brandley,235 000 �,MID,No,No,No,False,False
Martha Ar'jany,220 000 �,MID,No,No,No,False,False
Noslin Tyrese,225 000 �,MID,No,No,No,False,False
Roemeratoe Godfried,220 000 �,MID,No,No,No,False,False
Alc�var Jordy,285 000 �,MID,No,No,No,False,False
Angulo Nilson,295 000 �,MID,No,No,No,False,False
Caicedo Moises,320 000 �,MID,No,No,Corners,False,False
Castillo Denil,290 000 �,MID,No,No,No,False,False
Franco Alan,290 000 �,MID,No,No,No,False,False
Minda Alan,300 000 �,MID,No,No,No,False,False
P�ez Kendry,305 000 �,MID,No,No,No,False,False
Plata Gonzalo,330 000 �,MID,No,No,No,False,False
Valencia Anthony,295 000 �,MID,No,No,No,False,False
Vite Pedro,300 000 �,MID,No,No,No,False,False
Yeboah John,310 000 �,MID,No,No,No,False,False
Adel Ibrahim,280 000 �,MID,No,No,No,False,False
Ashour Emam,280 000 �,MID,No,No,No,False,False
Attia Marwan,285 000 �,MID,No,No,No,False,False
Dunga Nabil,265 000 �,MID,No,No,No,False,False
Fathy Hamdy,285 000 �,MID,No,No,No,False,False
Lasheen Mohanad,270 000 �,MID,No,No,No,False,False
Saber Mahmoud,265 000 �,MID,No,No,No,False,False
Salah Mohamed,385 000 �,MID,Yes,Primary,Both,False,False
Tr�z�guet,345 000 �,MID,No,No,No,False,False
Zico Mostafa,290 000 �,MID,No,No,No,False,False
Zizo,290 000 �,MID,No,No,No,False,False
Anderson Elliott,335 000 �,MID,No,No,No,False,False
Bellingham Jude,395 000 �,MID,No,No,No,False,False
Eze Eberechi,370 000 �,MID,No,No,No,False,False
Gordon Anthony,360 000 �,MID,No,No,No,False,False
Henderson Jordan,315 000 �,MID,No,No,No,False,False
Madueke Noni,355 000 �,MID,No,No,No,False,False
Mainoo Kobbie,325 000 �,MID,No,No,No,False,False
Rashford Marcus,370 000 �,MID,No,No,Free kicks,False,False
Rice Declan,350 000 �,MID,No,No,Both,False,False
Rogers Morgan,350 000 �,MID,No,No,No,False,False
Saka Bukayo,400 000 �,MID,No,No,Corners,False,False
Baena �lex,325 000 �,MID,No,No,Both,False,False
Gavi,345 000 �,MID,No,No,No,False,False
Merino Mikel,360 000 �,MID,No,No,No,False,False
Mu�oz V�ctor,330 000 �,MID,No,No,No,False,False
Olmo Dani,375 000 �,MID,No,No,No,False,False
Pedri,355 000 �,MID,No,No,Free kicks,False,False
Pino Yeremy,335 000 �,MID,No,No,No,False,False
Rodri,340 000 �,MID,No,No,No,False,False
Ruiz Fabi�n,350 000 �,MID,No,No,No,True,False
Williams Nico,385 000 �,MID,No,No,Corners,False,False
Yamal Lamine,425 000 �,MID,No,No,Both,True,False
Zubimendi Mart�n,330 000 �,MID,No,No,No,False,False
Adams Jayden,240 000 �,MID,No,No,No,False,False
Appollis Oswin,265 000 �,MID,Yes,Primary,Both,False,False
Mbatha Thalente,230 000 �,MID,No,No,No,False,False
Mofokeng Relebohile,245 000 �,MID,No,No,Corners,False,False
Mokoena Teboho,240 000 �,MID,No,No,Both,False,False
Moremi Tshepang,240 000 �,MID,No,No,No,False,False
Rayners Iqraam,260 000 �,MID,No,No,No,False,False
Sebelebele Kamogelo,235 000 �,MID,No,No,No,False,False
Sithole Sphephelo,235 000 �,MID,No,No,No,False,False
Zwane Themba,255 000 �,MID,No,No,No,False,False
Bae Jun-ho,290 000 �,MID,No,No,No,False,False
Castrop Jens,255 000 �,MID,No,No,No,False,False
Eom Ji-sung,265 000 �,MID,No,No,No,False,False
Hwang Hee-chan,300 000 �,MID,Yes,Secondary,No,False,False
Hwang In-beom,280 000 �,MID,No,No,No,False,False
Kim Jin-gyu,260 000 �,MID,No,No,No,False,False
Lee Dong-gyeong,260 000 �,MID,No,No,No,False,False
Lee Jae-sung,320 000 �,MID,No,No,No,False,False
Lee Kang-in,325 000 �,MID,No,No,Both,False,False
Paik Seung-ho,270 000 �,MID,No,No,No,False,False
Park Jin-seob,255 000 �,MID,No,No,No,False,False
Yang Hyun-jun,265 000 �,MID,No,No,No,False,False
Boakye Augustine,265 000 �,MID,No,No,No,False,False
Issahaku Fatawu,310 000 �,MID,No,No,No,False,False
Nuamah Ernest,270 000 �,MID,No,No,No,False,False
Owusu Elisha,250 000 �,MID,No,No,No,False,False
Partey Thomas,290 000 �,MID,No,No,No,False,False
Semenyo Antoine,350 000 �,MID,No,No,No,False,False
Sibo Kwasi,250 000 �,MID,No,No,No,False,False
Sulemana Kamaldeen,265 000 �,MID,No,No,Corners,False,False
Williams I�aki,295 000 �,MID,No,No,No,False,False
Yirenkyi Caleb,260 000 �,MID,No,No,No,False,False
Bellegarde Jean-Ricner,235 000 �,MID,No,No,Both,False,False
Casimir Josu�,225 000 �,MID,No,No,No,False,False
Deedson Louicius,250 000 �,MID,No,No,Both,False,False
Etienne Derrick,230 000 �,MID,No,No,No,False,False
Fortun� Yassin,220 000 �,MID,No,No,No,False,False
Jean Jacques Danley,245 000 �,MID,No,No,No,False,False
Pierre Leverton,230 000 �,MID,No,No,No,False,False
Pierre Woodensky,220 000 �,MID,No,No,No,False,False
Providence Ruben,230 000 �,MID,No,No,Free kicks,False,False
Saint� Carl,225 000 �,MID,No,No,No,False,False
Simon Dominique,220 000 �,MID,No,No,No,False,False
de Jong Frenkie,340 000 �,MID,No,No,No,False,False
de Roon Marten,315 000 �,MID,No,No,No,False,False
Gakpo Cody,390 000 �,MID,Yes,Primary,Corners,False,False
Gravenberch Ryan,335 000 �,MID,No,No,No,False,False
Kluivert Justin,350 000 �,MID,No,No,Free kicks,False,False
Koopmeiners Teun,325 000 �,MID,No,No,Corners,False,False
Lang Noa,340 000 �,MID,No,No,No,False,False
Malen Donyell,380 000 �,MID,No,No,No,False,False
Reijnders Tijjani,365 000 �,MID,No,No,Free kicks,False,False
Summerville Crysencio,350 000 �,MID,No,No,No,False,False
Til Guus,335 000 �,MID,No,No,No,False,False
Timber Quinten,320 000 �,MID,No,No,No,False,False
Al-Ammari Amir,250 000 �,MID,No,No,Both,False,False
Amyn Youssef,245 000 �,MID,No,No,No,False,False
Bayesh Ibrahim,240 000 �,MID,No,No,No,False,False
Farji Marko,240 000 �,MID,No,No,No,False,False
Iqbal Zidane,245 000 �,MID,No,No,No,False,False
Ismail Zaid,225 000 �,MID,No,No,No,False,False
Jasim Ali,250 000 �,MID,No,No,Both,False,False
Qasem Ahmed,235 000 �,MID,No,No,No,False,False
Sher Aimar,225 000 �,MID,No,No,No,False,False
Yakob Kevin,230 000 �,MID,No,No,No,False,False
Cheshmi Rouzbeh,250 000 �,MID,No,No,No,False,False
Ezatolahi Saeid,260 000 �,MID,No,No,No,False,False
Ghayedi Mehdi,270 000 �,MID,No,No,No,False,False
Ghoddos Saman,260 000 �,MID,No,No,Both,False,False
Ghorbani Mohammad,250 000 �,MID,No,No,No,False,False
Hosseinzadeh Amirhossein,260 000 �,MID,Yes,Secondary,Corners,False,False
Jahanbakhsh Alireza,255 000 �,MID,No,No,No,False,False
Mohebi Mohammad,275 000 �,MID,No,No,No,False,False
Razzaghinia Amirmohammad,245 000 �,MID,No,No,No,False,False
Torabi Mehdi,255 000 �,MID,No,No,No,False,False
Chukwuemeka Carney,275 000 �,MID,No,No,No,False,False
Grillitsch Florian,265 000 �,MID,No,No,No,False,False
Laimer Konrad,290 000 �,MID,No,No,No,False,False
Sabitzer Marcel,330 000 �,MID,Yes,Secondary,Both,False,False
Schlager Xaver,265 000 �,MID,No,No,No,False,False
Schmid Romano,300 000 �,MID,No,No,No,False,False
Sch�pf Alessandro,260 000 �,MID,No,No,No,False,False
Seiwald Nicolas,270 000 �,MID,No,No,No,False,False
Wanner Paul,265 000 �,MID,No,No,No,False,False
Wimmer Patrick,275 000 �,MID,No,No,No,False,False
D?an Ritsu,310 000 �,MID,Yes,Secondary,No,False,False
Endo Wataru,275 000 �,MID,No,No,No,False,False
It? Junya,305 000 �,MID,No,No,Both,False,False
Kamada Daichi,300 000 �,MID,No,No,No,False,False
Kubo Takefusa,310 000 �,MID,No,No,Both,False,False
Nakamura Keito,290 000 �,MID,No,No,No,False,False
Sano Kaish?,260 000 �,MID,No,No,No,False,False
Suzuki Yuito,270 000 �,MID,No,No,No,False,False
Tanaka Ao,280 000 �,MID,No,No,No,False,False
Abu Taha Mohannad,230 000 �,MID,No,No,No,False,False
Abu Zrayq Mohammad,230 000 �,MID,No,No,No,False,False
Al-Dawoud Mohammad,225 000 �,MID,No,No,No,False,False
Al-Mardi Mahmoud,245 000 �,MID,No,No,Corners,False,False
Al-Rashdan Nizar,240 000 �,MID,No,No,No,False,False
Al-Rawabdeh Noor,245 000 �,MID,No,No,No,False,False
Al-Taamari Musa,255 000 �,MID,Yes,Secondary,Both,False,False
Ayed Rajaei,225 000 �,MID,No,No,No,False,False
Azaizeh Ali,225 000 �,MID,No,No,Corners,False,False
Jamous Amer,230 000 �,MID,No,No,No,False,False
Sadeh Ibrahim,240 000 �,MID,No,No,No,False,False
Ahmed Ali,275 000 �,MID,No,No,Free kicks,False,False
Buchanan Tajon,310 000 �,MID,No,No,No,False,False
Choini�re Mathieu,270 000 �,MID,No,No,No,False,False
Eust�quio Stephen,280 000 �,MID,No,No,No,False,False
Kon� Isma�l,290 000 �,MID,No,No,No,False,False
Millar Liam,280 000 �,MID,No,No,No,False,False
Osorio Jonathan,280 000 �,MID,No,No,No,False,False
Saliba Nathan,285 000 �,MID,No,No,No,False,False
Shaffelburg Jacob,290 000 �,MID,No,No,No,False,False
Arcanjo Telmo,230 000 �,MID,No,No,No,False,False
Cabral Jovane,240 000 �,MID,No,No,Both,False,False
Duarte Deroy,225 000 �,MID,No,No,No,False,False
Duarte Laros,225 000 �,MID,No,No,No,False,False
Mendes Ryan,250 000 �,MID,Yes,Primary,Corners,False,False
Monteiro Jamiro,250 000 �,MID,No,No,Corners,False,False
Pina Kevin,230 000 �,MID,No,No,No,False,False
Rodrigues Garry,245 000 �,MID,Yes,Secondary,Both,False,False
Semedo Willy,245 000 �,MID,No,No,No,False,False
Semedo Yannick,235 000 �,MID,No,No,No,False,False
Varela H�lio,225 000 �,MID,No,No,No,False,False
Arias Jhon,350 000 �,MID,No,No,No,False,False
Campaz Jaminton,330 000 �,MID,No,No,No,False,False
Carrascal Jorge,330 000 �,MID,No,No,Corners,False,False
Casta�o Kevin,295 000 �,MID,No,No,No,False,False
D�az Luis,390 000 �,MID,No,No,No,False,False
G�mez Andr�s,335 000 �,MID,No,No,No,False,False
Lerma Jefferson,325 000 �,MID,No,No,No,False,False
Portilla Juan,295 000 �,MID,No,No,No,False,False
Puerta Gustavo,300 000 �,MID,No,No,No,False,False
Quintero Juan,345 000 �,MID,No,No,Corners,False,False
R�os Richard,325 000 �,MID,No,No,No,False,False
Rodr�guez James,380 000 �,MID,No,No,No,False,False
Bongonda Th�o,270 000 �,MID,No,No,No,False,False
Cipenga Brian,240 000 �,MID,No,No,No,False,False
Kakuta Ga�l,245 000 �,MID,No,No,No,False,False
Kayembe Edo,255 000 �,MID,No,No,No,False,False
Mbuku Nathana�l,260 000 �,MID,No,No,No,False,False
Moutoussamy Samuel,240 000 �,MID,No,No,No,False,False
Mukau Ngal'ayel,230 000 �,MID,No,No,No,False,False
Pickel Charles,245 000 �,MID,No,No,No,False,False
Sadiki Noah,250 000 �,MID,No,No,No,False,False
Tshibola Aaron,230 000 �,MID,No,No,No,False,False
Baturina Martin,295 000 �,MID,No,No,Corners,False,False
Fruk Toni,285 000 �,MID,No,No,No,False,False
Jaki? Kristijan,280 000 �,MID,No,No,No,False,False
Kova?i? Mateo,290 000 �,MID,No,No,No,False,False
Modri? Luka,335 000 �,MID,Yes,Primary,Both,False,False
Moro Nikola,270 000 �,MID,No,No,No,False,False
Pa�ali? Marco,285 000 �,MID,No,No,No,False,False
Pa�ali? Mario,320 000 �,MID,No,No,No,False,False
Peri�i? Ivan,345 000 �,MID,No,No,No,False,False
Su?i? Luka,270 000 �,MID,No,No,No,False,False
Su?i? Petar,280 000 �,MID,No,No,No,False,False
Vla�i? Nikola,310 000 �,MID,No,No,No,False,False
Amaimouni Ayoube,295 000 �,MID,No,No,No,False,False
Amrabat Sofyan,290 000 �,MID,No,No,No,False,False
Bouaddi Ayyoub,280 000 �,MID,No,No,No,False,False
D�az Brahim,330 000 �,MID,No,No,No,True,False
El Aynaoui Neil,285 000 �,MID,No,No,No,False,False
El Khannouss Bilal,290 000 �,MID,No,No,Free kicks,False,False
El Mourabet Samir,280 000 �,MID,No,No,No,False,False
Ezzalzouli Abde,295 000 �,MID,No,No,No,False,False
Ounahi Azzedine,300 000 �,MID,No,No,Free kicks,False,False
Saibari Ismael,320 000 �,MID,No,No,No,False,False
Talbi Chemsdine,300 000 �,MID,No,No,No,False,False
Yassine Gessime,290 000 �,MID,No,No,No,False,False
Alvarado Roberto,315 000 �,MID,No,No,Corners,False,False
�lvarez Edson,300 000 �,MID,No,No,No,False,False
Ch�vez Luis,310 000 �,MID,No,No,No,False,False
Fidalgo �lvaro,275 000 �,MID,No,No,No,False,False
Guti�rrez Brian,305 000 �,MID,No,No,No,False,False
Huerta C�sar,305 000 �,MID,No,No,No,False,False
Lira �rik,280 000 �,MID,No,No,No,False,False
Mora Gilberto,275 000 �,MID,No,No,No,False,False
Pineda Orbel�n,330 000 �,MID,No,No,No,False,False
Romo Luis,285 000 �,MID,No,No,No,False,False
Vargas Obed,285 000 �,MID,No,No,No,False,False
Vega Alexis,340 000 �,MID,No,No,Both,False,False
Aasgaard Thelo,360 000 �,MID,No,No,No,False,False
Aursnes Fredrik,305 000 �,MID,No,No,No,False,False
Berg Patrick,300 000 �,MID,No,No,No,False,False
Berge Sander,320 000 �,MID,No,No,No,False,False
Bobb Oscar,330 000 �,MID,No,No,No,False,False
Hauge Jens Petter,325 000 �,MID,No,No,No,False,False
Nusa Antonio,360 000 �,MID,No,No,No,False,False
�degaard Martin,365 000 �,MID,No,No,Both,False,False
Schjelderup Andreas,335 000 �,MID,No,No,No,False,False
Thorsby Morten,300 000 �,MID,No,No,No,False,False
Thorstvedt Kristian,310 000 �,MID,No,No,No,False,False
Adingra Simon,320 000 �,MID,No,No,Corners,False,False
Diallo Amad,320 000 �,MID,No,No,Free kicks,False,False
Diomande Yan,325 000 �,MID,No,No,Corners,False,False
Fofana Seko,295 000 �,MID,No,No,No,False,False
Guiagon Parfait,270 000 �,MID,No,No,No,False,False
Kessi� Franck,295 000 �,MID,No,No,No,False,False
Oula� Christ Inao,265 000 �,MID,No,No,No,False,False
P�p� Nicolas,300 000 �,MID,No,No,No,False,False
Sangar� Ibrahim,280 000 �,MID,No,No,No,False,False
Seri Jean,260 000 �,MID,No,No,No,False,False
Tour� Bazoumana,280 000 �,MID,No,No,No,False,False
B�rcenas Yoel,240 000 �,MID,No,No,No,False,False
Carrasquilla Adalberto,230 000 �,MID,No,No,Both,False,False
D�az Ismael,245 000 �,MID,No,No,No,False,False
Godoy An�bal,230 000 �,MID,No,No,No,False,False
Harvey Carlos,225 000 �,MID,No,No,No,False,False
Londo�o Azarias,235 000 �,MID,No,No,No,False,False
Mart�nez Cristian,240 000 �,MID,No,No,No,False,False
Quintero Alberto,235 000 �,MID,No,No,No,False,False
Rodr�guez Jos�,250 000 �,MID,No,No,No,False,False
Yanis C�sar,235 000 �,MID,No,No,No,False,False
Almir�n Miguel,310 000 �,MID,No,No,No,False,False
Bobadilla Dami�n,270 000 �,MID,No,No,No,False,False
Caballero Gustavo,275 000 �,MID,No,No,No,False,False
Cubas Andr�s,260 000 �,MID,No,No,No,False,False
Enciso Julio,320 000 �,MID,Yes,Primary,Both,False,False
Galarza Mat�as,280 000 �,MID,No,No,No,False,False
G�mez Diego,305 000 �,MID,No,No,No,False,False
Maur�cio,265 000 �,MID,No,No,No,False,False
Ojeda Braian,260 000 �,MID,No,No,No,False,False
Romero Gamarra Alejandro,280 000 �,MID,No,No,No,False,False
Sosa Ram�n,270 000 �,MID,No,No,No,False,False
Concei��o Francisco,335 000 �,MID,No,No,No,False,False
Costa Sam�,315 000 �,MID,No,No,No,False,False
Fernandes Bruno,420 000 �,MID,Yes,Secondary,Both,False,False
Guedes Gon�alo,345 000 �,MID,No,No,No,False,False
Le�o Rafael,380 000 �,MID,No,No,No,False,False
Neto Pedro,365 000 �,MID,No,No,Corners,False,False
Neves Jo�o,345 000 �,MID,No,No,No,False,False
Neves R�ben,325 000 �,MID,No,No,No,False,False
Silva Bernardo,370 000 �,MID,No,No,No,False,False
Trinc�o Francisco,335 000 �,MID,No,No,No,False,False
Vitinha,345 000 �,MID,No,No,No,True,False
Abdurisag Yusuf,245 000 �,MID,No,No,No,False,False
Afif Akram,280 000 �,MID,Yes,Primary,Both,False,False
Al-Ganehi Ahmed,245 000 �,MID,No,No,No,False,False
Al-Haydos Hassan,260 000 �,MID,No,No,No,False,False
Al-Mannai Mohamed,230 000 �,MID,No,No,No,False,False
Boudiaf Karim,240 000 �,MID,No,No,No,False,False
Fathy Ahmed,235 000 �,MID,No,No,No,False,False
Gaber Jassem,235 000 �,MID,No,No,No,False,False
Hatem Abdulaziz,240 000 �,MID,No,No,No,False,False
Jamshid Tahsin,230 000 �,MID,No,No,No,False,False
Junior Edmilson,240 000 �,MID,No,No,Both,False,False
Madibo Assim,235 000 �,MID,No,No,No,False,False
Akliouche Maghnes,340 000 �,MID,No,No,No,False,False
Barcola Bradley,385 000 �,MID,No,No,No,False,False
Cherki Rayan,365 000 �,MID,No,No,Both,False,False
Demb�l� Ousmane,400 000 �,MID,No,No,No,False,False
Dou� D�sir�,375 000 �,MID,No,No,No,False,False
Kant� N'Golo,325 000 �,MID,No,No,No,False,False
Kon� Manu,335 000 �,MID,No,No,No,False,False
Olise Michael,395 000 �,MID,No,No,Both,False,False
Rabiot Adrien,345 000 �,MID,No,No,No,False,False
Tchouam�ni Aur�lien,340 000 �,MID,No,No,No,False,False
Za�re-Emery Warren,330 000 �,MID,No,No,No,False,False
Ali Taha,265 000 �,MID,No,No,No,False,False
Ayari Yasin,295 000 �,MID,No,No,Both,False,False
Bergvall Lucas,280 000 �,MID,No,No,No,False,False
Elanga Anthony,320 000 �,MID,No,No,Corners,False,False
Johansson Herman,260 000 �,MID,No,No,No,False,False
Karlstr�m Jesper,255 000 �,MID,No,No,No,False,False
Nygren Benjamin,315 000 �,MID,No,No,Corners,False,False
Sema Ken,275 000 �,MID,No,No,No,False,False
Svanberg Mattias,255 000 �,MID,No,No,Free kicks,False,False
Zeneli Besfort,260 000 �,MID,No,No,No,False,False
Amiri Nadiem,340 000 �,MID,No,No,No,False,False
Goretzka Leon,345 000 �,MID,No,No,No,False,False
Gro� Pascal,335 000 �,MID,No,No,No,False,False
Leweling Jamie,335 000 �,MID,No,No,No,False,False
Musiala Jamal,390 000 �,MID,No,No,No,False,False
Nmecha Felix,325 000 �,MID,No,No,No,False,False
Ou�draogo Assan,320 000 �,MID,No,No,No,False,False
Pavlovi? Aleksandar,330 000 �,MID,No,No,No,False,False
San� Leroy,380 000 �,MID,No,No,No,False,False
Stiller Angelo,320 000 �,MID,No,No,No,False,False
Wirtz Florian,385 000 �,MID,No,No,Both,False,False
Al-Dawsari Nasser,235 000 �,MID,No,No,No,False,False
Al-Dawsari Salem,265 000 �,MID,No,No,Corners,False,False
Al-Hejji Alaa,230 000 �,MID,No,No,No,False,False
Al-Johani Ziyad,230 000 �,MID,No,No,No,False,False
Al-Juwayr Musab,255 000 �,MID,No,No,Corners,False,False
Al-Khaibari Abdullah,235 000 �,MID,No,No,No,False,False
Kanno Mohamed,245 000 �,MID,No,No,No,False,False
Mandash Sultan,240 000 �,MID,No,No,No,False,False
Yahya Ayman,235 000 �,MID,No,No,No,False,False
Camara Lamine,300 000 �,MID,No,No,Corners,False,False
Ciss Path�,280 000 �,MID,No,No,No,False,False
Diao Assane,290 000 �,MID,No,No,No,False,False
Diarra Habib,295 000 �,MID,No,No,No,False,False
Gueye Idrissa,290 000 �,MID,No,No,No,False,False
Gueye Pape,305 000 �,MID,No,No,No,False,False
Man� Sadio,360 000 �,MID,No,No,No,False,False
Ndiaye Bara Sapoko,275 000 �,MID,No,No,No,False,False
Ndiaye Iliman,320 000 �,MID,No,No,No,False,False
Sarr Isma�la,335 000 �,MID,No,No,No,False,False
Sarr Pape,305 000 �,MID,No,No,No,False,False
Christie Ryan,320 000 �,MID,Yes,Secondary,Both,False,False
Curtis Findlay,265 000 �,MID,No,No,No,False,False
Ferguson Lewis,285 000 �,MID,No,No,Both,False,False
Fletcher Tyler,260 000 �,MID,No,No,No,False,False
Gannon-Doak Ben,275 000 �,MID,No,No,No,False,False
McGinn John,315 000 �,MID,Yes,Secondary,Both,False,False
McLean Kenny,280 000 �,MID,No,No,No,False,False
McTominay Scott,330 000 �,MID,Yes,Primary,No,False,False
Aebischer Michel,280 000 �,MID,No,No,No,False,False
Fassnacht Christian,305 000 �,MID,No,No,No,False,False
Freuler Remo,290 000 �,MID,No,No,No,False,False
Jashari Ardon,270 000 �,MID,No,No,No,False,False
Manzambi Johan,295 000 �,MID,No,No,No,False,False
Ndoye Dan,335 000 �,MID,No,No,No,False,False
Rieder Fabian,285 000 �,MID,No,No,Both,False,False
Sow Djibril,285 000 �,MID,No,No,No,False,False
Vargas Rub�n,325 000 �,MID,No,No,No,False,False
Xhaka Granit,315 000 �,MID,Yes,Primary,Free kicks,False,False
Zakaria Denis,280 000 �,MID,No,No,No,False,False
?erv Luk�,285 000 �,MID,No,No,No,False,False
Darida Vladim�r,280 000 �,MID,No,No,No,False,False
Doud?ra David,280 000 �,MID,No,No,No,False,False
Hlo�ek Adam,310 000 �,MID,No,No,No,False,False
Provod Luk�,295 000 �,MID,No,No,Both,False,False
Sad�lek Michal,275 000 �,MID,No,No,No,False,False
Soch?rek Hugo,265 000 �,MID,No,No,No,False,False
Sojka Alexandr,270 000 �,MID,No,No,No,False,False
Sou?ek Tom�,320 000 �,MID,No,No,No,False,False
�ulc Pavel,325 000 �,MID,No,No,No,False,False
Vi�insk� Denis,275 000 �,MID,No,No,No,False,False
Achouri Elias,270 000 �,MID,No,No,No,False,False
Ayari Khalil,245 000 �,MID,No,No,No,False,False
Ben Ouanes Mortadha,240 000 �,MID,No,No,No,False,False
Gharbi Isma�l,245 000 �,MID,Yes,Secondary,No,False,False
Khedira Rani,235 000 �,MID,No,No,No,False,False
Mahmoud Hadj,235 000 �,MID,No,No,No,False,False
Mejbri Hannibal,255 000 �,MID,No,No,Both,False,False
Saad Elias,260 000 �,MID,No,No,Free kicks,False,False
Skhiri Ellyes,245 000 �,MID,No,No,No,False,False
Slimane Anis,250 000 �,MID,No,No,No,False,False
Tounekti Sebastian,240 000 �,MID,No,No,No,False,False
Akg�n Yunus,300 000 �,MID,No,No,No,False,False
Ayd?n O?uz,275 000 �,MID,No,No,No,False,False
Ayhan Kaan,270 000 �,MID,No,No,No,False,False
�alhano?lu Hakan,330 000 �,MID,No,No,No,False,False
G�ler Arda,325 000 �,MID,No,No,No,False,False
Kahveci ?rfan,290 000 �,MID,No,No,No,False,False
K�k�� Orkun,300 000 �,MID,No,No,No,False,False
�zcan Salih,265 000 �,MID,No,No,No,False,False
Uzun Can,290 000 �,MID,No,No,No,False,False
Y?ld?z Kenan,320 000 �,MID,No,No,No,False,False
Y?lmaz Bar??,305 000 �,MID,No,No,No,False,False
Y�ksek ?smail,275 000 �,MID,No,No,No,False,False
Araujo Maxi,325 000 �,MID,No,No,No,False,False
Bentancur Rodrigo,300 000 �,MID,No,No,No,False,False
Canobbio Agustin,305 000 �,MID,No,No,No,False,False
de Arrascaeta Giorgian,355 000 �,MID,No,No,Both,False,False
de la Cruz Nicol�s,305 000 �,MID,No,No,No,False,False
Mart�nez Emiliano,280 000 �,MID,No,No,No,False,False
Pellistri Facundo,320 000 �,MID,No,No,No,False,False
Rodr�guez Brian,310 000 �,MID,No,No,No,False,False
Sanabria Juan,280 000 �,MID,No,No,No,False,False
Ugarte Manuel,290 000 �,MID,No,No,No,False,False
Valverde Federico,345 000 �,MID,Yes,Primary,Both,False,False
Zalazar Rodrigo,315 000 �,MID,No,No,No,False,False
Aaronson Brenden,315 000 �,MID,No,No,No,False,False
Adams Tyler,290 000 �,MID,No,No,No,False,False
Berhalter Sebastian,280 000 �,MID,No,No,Both,False,False
McKennie Weston,325 000 �,MID,No,No,No,False,False
Pulisic Christian,355 000 �,MID,Yes,Primary,Both,False,False
Reyna Giovanni,295 000 �,MID,No,No,Free kicks,False,False
Roldan Cristian,280 000 �,MID,No,No,No,False,False
Tillman Malik,330 000 �,MID,No,No,Corners,False,False
Weah Timothy,310 000 �,MID,No,No,No,False,False
Zendejas Alex,290 000 �,MID,No,No,No,False,False
Barbarouses Kosta,250 000 �,MID,No,No,No,False,False
Bayliss Lachlan,225 000 �,MID,No,No,No,False,False
Bell Joe,230 000 �,MID,No,No,No,False,False
Garbett Matthew,250 000 �,MID,No,No,Free kicks,False,False
Just Elijah,265 000 �,MID,No,No,Corners,False,False
McCowatt Callum,245 000 �,MID,No,No,No,False,False
Old Ben,230 000 �,MID,No,No,No,False,False
Rufer Alex,225 000 �,MID,No,No,No,False,False
Singh Sarpreet,245 000 �,MID,No,No,Both,False,False
Stameni? Marko,240 000 �,MID,No,No,No,False,False
Thomas Ryan,245 000 �,MID,No,No,No,False,False
Esanov Sherzod,225 000 �,MID,No,No,No,False,False
Fayzullaev Abbosbek,245 000 �,MID,No,No,Both,False,False
Ganiev Azizjon,225 000 �,MID,No,No,No,False,False
Hamrobekov Odiljon,230 000 �,MID,No,No,No,False,False
Iskanderov Jamshid,230 000 �,MID,No,No,No,False,False
Khamdamov Dostonbek,230 000 �,MID,No,No,No,False,False
Masharipov Jaloliddin,240 000 �,MID,No,No,Corners,False,False
Mozgovoy Akmal,225 000 �,MID,No,No,No,False,False
Shukurov Otabek,250 000 �,MID,Yes,Secondary,Free kicks,False,False
Urunov Oston,250 000 �,MID,No,No,No,False,False
Amoura Mohamed,325 000 �,FWD,No,No,No,False,False
Benbouali Nadhir,290 000 �,FWD,No,No,No,False,False
Ghedjemis Far�s,285 000 �,FWD,No,No,No,False,False
Gouiri Amine,310 000 �,FWD,No,No,No,False,False
Hadj Moussa Anis,295 000 �,FWD,No,No,No,False,False
Alvarez Julian,385 000 �,FWD,No,No,Free kicks,False,False
L�pez Jos�,325 000 �,FWD,No,No,No,False,False
Mart�nez Lautaro,395 000 �,FWD,No,No,No,False,False
Tour� Mohamed,265 000 �,FWD,No,No,No,False,False
Velupillay Nishan,260 000 �,FWD,No,No,No,False,False
Yengi Tete,240 000 �,FWD,No,No,No,False,False
Fernandez-Pardo Matias,320 000 �,FWD,No,No,No,False,False
Lukaku Romelu,380 000 �,FWD,Yes,Secondary,No,False,False
Ba�dar Samed,280 000 �,FWD,No,No,No,False,False
Demirovi? Ermedin,310 000 �,FWD,Yes,Secondary,No,False,False
D�eko Edin,335 000 �,FWD,No,No,No,False,False
Luki? Jovo,270 000 �,FWD,No,No,No,False,False
Tabakovi? Haris,305 000 �,FWD,No,No,No,False,False
Cunha Matheus,370 000 �,FWD,No,No,No,False,False
Endrick,350 000 �,FWD,No,No,No,False,False
Thiago Igor,380 000 �,FWD,Yes,Secondary,No,False,False
Kastaneer Gervane,250 000 �,FWD,No,No,No,False,False
Locadia J�rgen,230 000 �,FWD,No,No,No,False,False
Margaritha Jearl,240 000 �,FWD,No,No,No,False,False
Ar�valo Jeremy,275 000 �,FWD,No,No,No,False,False
Caicedo Jordy,290 000 �,FWD,Yes,Secondary,No,False,False
Rodr�guez Kevin,310 000 �,FWD,No,No,No,False,False
Valencia Enner,340 000 �,FWD,Yes,Primary,Free kicks,False,False
Abdelkarim Hamza,255 000 �,FWD,No,No,No,False,False
Hassan Haissem,275 000 �,FWD,No,No,No,False,False
Marmoush Omar,330 000 �,FWD,Yes,Secondary,Both,False,False
Kane Harry,445 000 �,FWD,Yes,Primary,No,False,False
Toney Ivan,335 000 �,FWD,No,No,No,False,False
Watkins Ollie,370 000 �,FWD,No,No,No,False,False
Iglesias Borja,325 000 �,FWD,No,No,No,False,False
Oyarzabal Mikel,400 000 �,FWD,Yes,Primary,No,False,False
Torres Ferran,375 000 �,FWD,No,No,No,False,False
Foster Lyle,265 000 �,FWD,Yes,Secondary,No,False,False
Makgopa Evidence,250 000 �,FWD,No,No,No,False,False
Maseko Thapelo,245 000 �,FWD,No,No,No,False,False
Cho Gue-sung,295 000 �,FWD,No,No,No,False,False
Oh Hyeon-gyu,300 000 �,FWD,No,No,No,False,False
Son Heung-min,360 000 �,FWD,Yes,Primary,Both,False,False
Adu Prince,260 000 �,FWD,No,No,No,False,False
Ayew Jordan,320 000 �,FWD,Yes,Primary,Both,False,False
Baah Christopher Bonsu,265 000 �,FWD,No,No,No,False,False
Thomas-Asante Brandon,275 000 �,FWD,No,No,No,False,False
Isidor Wilson,245 000 �,FWD,Yes,Secondary,No,False,False
Joseph Lenny,225 000 �,FWD,No,No,No,False,False
Nazon Duckens,245 000 �,FWD,Yes,Primary,No,False,False
Pierrot Frantzdy,240 000 �,FWD,No,No,No,False,False
Brobbey Brian,340 000 �,FWD,No,No,No,False,False
Depay Memphis,390 000 �,FWD,Yes,Secondary,Both,False,False
Weghorst Wout,345 000 �,FWD,Yes,Secondary,No,False,False
Al-Hamadi Ali,240 000 �,FWD,No,No,No,False,False
Ali Mohanad,245 000 �,FWD,No,No,No,False,False
Hussein Aymen,250 000 �,FWD,Yes,Primary,No,False,False
Yousif Ali,230 000 �,FWD,No,No,No,False,False
Alipour Ali,250 000 �,FWD,No,No,No,False,False
Dargahi Dennis,250 000 �,FWD,No,No,No,False,False
Moghanlou Shahriyar,255 000 �,FWD,No,No,No,False,False
Taremi Mehdi,290 000 �,FWD,Yes,Primary,No,False,False
Arnautovi? Marko,325 000 �,FWD,Yes,Primary,No,False,False
Gregoritsch Michael,320 000 �,FWD,No,No,No,False,False
Kalajd�i? Sa�a,300 000 �,FWD,No,No,No,False,False
Got? Keisuke,265 000 �,FWD,No,No,No,False,False
Maeda Daizen,275 000 �,FWD,No,No,No,False,False
Ogawa K?ki,300 000 �,FWD,No,No,No,False,False
Shiogai Kento,260 000 �,FWD,No,No,No,False,False
Ueda Ayase,325 000 �,FWD,Yes,Primary,No,False,False
Al-Fakhouri Odeh,235 000 �,FWD,No,No,No,False,False
Olwan Ali,245 000 �,FWD,Yes,Primary,Free kicks,False,False
David Jonathan,325 000 �,FWD,Yes,Primary,No,True,False
David Promise,295 000 �,FWD,No,No,No,False,False
Larin Cyle,300 000 �,FWD,No,No,No,False,False
Oluwaseyi Tani,290 000 �,FWD,No,No,No,False,False
Benchimol Gilson,245 000 �,FWD,No,No,No,False,False
da Costa Nuno,235 000 �,FWD,No,No,No,False,False
Livramento Dailon,250 000 �,FWD,No,No,No,False,False
C�rdoba Jhon,345 000 �,FWD,No,No,No,False,False
Hern�ndez Cucho,335 000 �,FWD,No,No,No,False,False
Su�rez Luis,370 000 �,FWD,No,No,No,False,False
Bakambu C�dric,290 000 �,FWD,Yes,Secondary,No,False,False
Banza Simon,245 000 �,FWD,No,No,No,False,False
Elia Meschack,260 000 �,FWD,No,No,No,False,False
Mayele Fiston,250 000 �,FWD,No,No,No,False,False
Wissa Yoane,285 000 �,FWD,Yes,Primary,Both,False,False
Budimir Ante,320 000 �,FWD,Yes,Secondary,No,False,False
Kramari? Andrej,340 000 �,FWD,No,No,No,False,False
Matanovi? Igor,300 000 �,FWD,No,No,No,False,False
Musa Petar,285 000 �,FWD,No,No,No,False,False
El Kaabi Ayoub,320 000 �,FWD,No,No,No,False,False
Rahimi Soufiane,290 000 �,FWD,Yes,Secondary,No,False,False
Gim�nez Santiago,325 000 �,FWD,No,No,No,True,False
Gonz�lez Armando,295 000 �,FWD,No,No,No,False,False
Jim�nez Ra�l,340 000 �,FWD,No,No,No,False,False
Mart�nez Guillermo,290 000 �,FWD,No,No,No,False,False
Qui�ones Juli�n,300 000 �,FWD,No,No,No,False,False
Haaland Erling,430 000 �,FWD,Yes,Primary,No,False,False
S�rloth Alexander,360 000 �,FWD,No,No,No,False,False
Strand Larsen J�rgen,330 000 �,FWD,No,No,No,False,False
Bonny Ange-Yoan,285 000 �,FWD,No,No,No,False,False
Diakit� Oumar,315 000 �,FWD,No,No,No,False,False
Guessand Evann,320 000 �,FWD,No,No,No,False,False
Wahi Elye,280 000 �,FWD,No,No,No,False,False
Fajardo Jos�,245 000 �,FWD,No,No,No,False,False
Rodr�guez Tom�s,230 000 �,FWD,No,No,No,False,False
Waterman Cecilio,245 000 �,FWD,No,No,No,False,False
Arce �lex,270 000 �,FWD,No,No,No,False,False
�valos Gabriel,275 000 �,FWD,No,No,No,False,False
Pitta Isidro,265 000 �,FWD,No,No,No,False,False
Sanabria Antonio,305 000 �,FWD,No,No,No,False,False
F�lix Jo�o,355 000 �,FWD,No,No,No,False,False
Ramos Gon�alo,365 000 �,FWD,No,No,No,False,False
Ronaldo Cristiano,415 000 �,FWD,Yes,Primary,Free kicks,False,False
Alaaeldin Ahmed,240 000 �,FWD,No,No,No,False,False
Ali Almoez,270 000 �,FWD,Yes,Secondary,No,False,False
Muntari Mohammed,250 000 �,FWD,No,No,No,False,False
Mateta Jean-Philippe,345 000 �,FWD,No,No,No,False,False
Mbapp� Kylian,450 000 �,FWD,No,No,No,False,False
Thuram Marcus,360 000 �,FWD,No,No,No,False,False
Bernhardsson Alexander,280 000 �,FWD,No,No,No,False,False
Gy�keres Viktor,355 000 �,FWD,No,No,No,False,False
Isak Alexander,330 000 �,FWD,Yes,Secondary,No,False,False
Nilsson Gustaf,270 000 �,FWD,No,No,No,False,False
Beier Maximilian,335 000 �,FWD,No,No,No,False,False
Havertz Kai,375 000 �,FWD,Yes,Primary,No,True,True
Undav Deniz,340 000 �,FWD,No,No,No,False,False
Woltemade Nick,365 000 �,FWD,No,No,No,False,False
Al-Buraikan Firas,265 000 �,FWD,Yes,Primary,No,False,False
Al-Ghannam Khalid,245 000 �,FWD,No,No,No,False,False
Al-Hamdan Abdullah,240 000 �,FWD,No,No,No,False,False
Al-Shehri Saleh,260 000 �,FWD,No,No,No,False,False
Dieng Bamba,285 000 �,FWD,No,No,No,False,False
Jackson Nicolas,330 000 �,FWD,Yes,Secondary,No,False,False
Mbaye Ibrahim,305 000 �,FWD,No,No,No,False,False
Ndiaye Cherif,310 000 �,FWD,No,No,No,False,False
Adams Ch�,315 000 �,FWD,No,No,No,False,False
Dykes Lyndon,305 000 �,FWD,No,No,No,False,False
Hirst George,285 000 �,FWD,No,No,No,False,False
Shankland Lawrence,295 000 �,FWD,No,No,No,False,False
Stewart Ross,265 000 �,FWD,No,No,No,False,False
Amdouni Zeki,305 000 �,FWD,Yes,Secondary,No,False,False
Embolo Breel,340 000 �,FWD,Yes,Secondary,No,False,False
Itten Cedric,280 000 �,FWD,No,No,No,False,False
Okafor Noah,300 000 �,FWD,No,No,No,False,False
Chor� Tom�,315 000 �,FWD,No,No,No,False,False
Chytil Mojm�r,290 000 �,FWD,No,No,No,False,False
Kuchta Jan,295 000 �,FWD,No,No,No,False,False
Schick Patrik,345 000 �,FWD,Yes,Primary,No,False,False
Chaouat Firas,260 000 �,FWD,No,No,No,False,False
Elloumi Rayan,240 000 �,FWD,No,No,No,False,False
Mastouri Hazem,270 000 �,FWD,No,No,No,False,False
Akt�rko?lu Kerem,330 000 �,FWD,No,No,No,False,False
G�l Deniz,280 000 �,FWD,No,No,No,False,False
Aguirre Rodrigo,315 000 �,FWD,No,No,No,False,False
Nunez Darwin,350 000 �,FWD,Yes,Secondary,No,False,False
Vi�as Federico,310 000 �,FWD,No,No,No,False,False
Balogun Folarin,335 000 �,FWD,Yes,Secondary,No,False,False
Pepi Ricardo,320 000 �,FWD,No,No,No,False,False
Wright Haji,315 000 �,FWD,No,No,No,False,False
Randall Jesse,235 000 �,FWD,No,No,No,False,False
Waine Ben,260 000 �,FWD,No,No,No,False,False
Wood Chris,280 000 �,FWD,Yes,Primary,No,False,False
Amonov Azizbek,235 000 �,FWD,No,No,No,False,False
Sergeev Igor,245 000 �,FWD,No,No,No,False,False
Shomurodov Eldor,260 000 �,FWD,Yes,Primary,No,False,False
