team,date,competition_id,opponent,home_away,goals_for,goals_against,result,match_id
Albania,2026-06-06,MPUVmQit,Luxembourg,H,0,1,L,lh2jJcHO
Albania,2026-06-03,ABpCd5hU,Israel,H,0,1,L,tnTcKaF7
Albania,2026-03-31,G6M8ioQ6,Ukraine,A,0,1,L,hOerRDfd
Albania,2026-03-26,KAwmbMZp,Poland,A,1,2,L,ruWYiHPi
Albania,2025-11-16,QTT8Mkkd,England,H,0,2,L,K2zQWa9N
Algeria,2026-06-03,djN5FBM5,Netherlands,A,1,0,W,fqGrfvc5
Algeria,2026-03-31,GjGHi8Tq,Uruguay,H,0,0,D,pzOUljac
Algeria,2026-03-27,rBm2zQ7M,Guatemala,H,7,0,W,ENV2fW3n
Algeria,2026-01-10,tz3bgRhS,Nigeria,H,0,2,L,E7lTculI
Algeria,2026-01-06,0SLLfIl1,D.R. Congo,H,1,0,W,A5pTYVlJ
Andorra,2026-06-07,QitK58Ab,Kosovo,A,0,3,L,WMjBQEI6
Andorra,2026-06-04,fa4qSlEM,Liechtenstein,H,2,0,W,6ohFUWJ8
Andorra,2026-05-29,pjAF0dml,Iraq,A,0,1,L,r9x4VPN8
Andorra,2026-03-31,Uu5IviX8,San Marino,A,0,0,D,OjQfsyam
Andorra,2026-03-27,6ThOdb23,Montenegro,A,0,2,L,SYohBLq2
Angola,2026-06-09,Sfwr7PSq,Central Africa,H,3,0,W,IXyt0eUI
Angola,2026-06-05,EJPpzE5T,Mauritania,H,1,1,D,WjtZbjct
Angola,2025-12-29,fJMbmgWi,Egypt,H,0,0,D,foMDDYSb
Angola,2025-12-26,Y9qsVBGN,Zimbabwe,H,1,1,D,nLI5Ffbn
Angola,2025-12-22,UukAGC1U,South Africa,A,1,2,L,zskmcDrI
Argentina,2026-06-10,bkWW20y2,Iceland,H,3,0,W,hI4787v8
Argentina,2026-06-07,fLLV8H0B,Honduras,H,2,0,W,QgmZkEjC
Argentina,2026-03-31,C2yx1Vm1,Zambia,H,5,0,W,ET8reDfR
Argentina,2026-03-27,xzC5NiFM,Mauritania,H,2,1,W,xxwZiuZQ
Argentina,2025-11-14,lYRnd80D,Angola,A,2,0,W,pYu6eE0b
Armenia,2026-06-09,j7oO41q3,Moldova,H,1,1,D,rwY2xc0e
Armenia,2026-06-06,viQl3l8b,Kazakhstan,H,1,1,D,vsqPqu8L
Armenia,2026-03-29,SbefwcyR,Belarus,H,1,2,L,ns44VT3C
Armenia,2025-11-16,IsRkgJl5,Portugal,A,1,9,L,p0WXJ60C
Armenia,2025-11-13,GOXa6l7K,Hungary,H,0,1,L,6siaLdn4
Australia,2026-06-06,OWiIV6sA,Switzerland,A,1,1,D,ruc3zsQH
Australia,2026-05-31,02I0rj2a,Mexico,A,0,1,L,C8AbHNbh
Australia,2026-03-31,A1kg8F4k,Curacao,H,5,1,W,xYZOaL8b
Australia,2026-03-27,650FFcCF,Cameroon,H,1,0,W,U7WG1svn
Australia,2025-11-19,SpxMhZgL,Colombia,A,0,3,L,2oYYd6K5
Austria,2026-06-01,vDDSR2m3,Tunisia,H,1,0,W,C2OQdZsn
Austria,2026-03-31,rLhXaman,South Korea,H,1,0,W,zJGkMkBc
Austria,2026-03-27,vgNY5LQq,Ghana,H,5,1,W,djlHxWdU
Austria,2025-11-18,0OVuz3Kl,Bosnia & Herzegovina,H,1,1,D,fHhO66jf
Austria,2025-11-15,dnZaWuyB,Cyprus,A,2,0,W,82R4Jqz0
Azerbaijan,2026-06-09,EsWFk1xS,San Marino,H,2,1,W,0vOQ3C9U
Azerbaijan,2026-06-05,6kSN2ai3,Malta,H,0,2,L,jDnBGlak
Azerbaijan,2026-03-30,hMzwuyq3,Sierra Leone,H,2,1,W,vo7OTXlB
Azerbaijan,2026-03-27,Gr2axzQe,Saint Lucia,H,6,1,W,QFKWMMsM
Azerbaijan,2025-11-16,25R66rsC,France,H,1,3,L,lWZq5b7s
Belarus,2026-06-09,A5kMclYa,Burkina Faso,H,2,2,D,vcPioTJN
Belarus,2026-06-05,jPhOXI7C,Syria,H,4,1,W,x0ey9SdL
Belarus,2026-03-29,SbefwcyR,Armenia,A,2,1,W,ns44VT3C
Belarus,2026-03-26,6gG8zWje,Cyprus,A,1,0,W,rs3dGlJc
Belarus,2025-11-18,pQK6ogU1,Greece,H,0,0,D,xjkxqZN6
Belgium,2026-06-06,UuDuXAp4,Tunisia,H,5,0,W,4nYE6kxR
Belgium,2026-06-02,WrQydLY8,Croatia,A,2,0,W,EDo2e0I5
Belgium,2026-04-01,ClQ6gxiD,Mexico,A,1,1,D,0WvEOTM5
Belgium,2026-03-28,pQCXXSZh,USA,A,5,2,W,AkzS6uae
Belgium,2025-11-18,rsAKed4M,Liechtenstein,H,7,0,W,IXpmWMJ5
Benin,2026-06-09,x2Y0Kfw2,Togo,A,1,5,L,xfYwGYAs
Benin,2026-06-05,hItWmNNb,Niger,H,1,1,D,fNtF7Ai4
Benin,2026-03-31,8ACL9XVo,Guinea,A,1,0,W,8G1LLWDD
Benin,2026-03-27,j9YxnLen,Liberia,H,1,0,W,tdML5DWH
Benin,2026-01-05,dEosFnzG,Egypt,A,1,3,L,EwiKzhK6
Bermuda,2026-06-06,KGW5Ghxg,Cape Verde,A,0,3,L,2iWPM2bd
Bermuda,2026-03-25,C4EIKYUP,D.R. Congo,A,0,2,L,tQTPPCUH
Bermuda,2025-11-19,IehV9AnR,Trinidad & Tobago,A,2,2,D,SAIO3Lvg
Bermuda,2025-11-14,Of0LiBQr,Curacao,H,0,7,L,2Tl6ovPO
Bermuda,2025-10-15,raR9pfJF,Jamaica,A,0,4,L,xM3tirem
Bolivia,2026-06-06,Q5oth9U9,Scotland,H,0,4,L,hQSR9x0K
Bolivia,2026-04-01,d4002NeM,Iraq,A,1,2,L,nu8tqnGs
Bolivia,2026-03-26,I1aijIOO,Suriname,H,2,1,W,UPBJl1go
Bolivia,2026-03-15,EZaAWqc4,Trinidad & Tobago,H,3,0,W,hQ60DGdC
Bolivia,2026-01-25,d4rhjAU0,Mexico,H,0,1,L,250dCNM9
Bosnia & Herzegovina,2026-06-06,WflMh2j3,Panama,A,1,1,D,MJw4zC55
Bosnia & Herzegovina,2026-05-29,hW1D4FF5,North Macedonia,H,0,0,D,4lrOQdEN
Bosnia & Herzegovina,2026-03-31,bTzLtUBl,Italy,H,2,1,W,2B8dzIX9
Bosnia & Herzegovina,2026-03-26,pUWJ7Z6s,Wales,A,2,1,W,4lBawIAb
Bosnia & Herzegovina,2025-11-18,0OVuz3Kl,Austria,A,1,1,D,fHhO66jf
Botswana,2026-03-31,xhJo7vB5,Malawi,H,1,0,W,0b4Qwk7j
Botswana,2026-03-28,hvKEyrbJ,Zimbabwe,H,0,3,L,rD2yZNg3
Botswana,2025-12-30,Y3zkG3Nh,D.R. Congo,H,0,3,L,WYRH0767
Botswana,2025-12-27,fy4JHes0,Benin,A,0,1,L,2gz14k7r
Botswana,2025-12-23,Cd8W6vTs,Senegal,A,0,3,L,Uq4q4Le2
Brazil,2026-06-06,jaBJbBH7,Egypt,H,2,1,W,r3s2pV84
Brazil,2026-05-31,M1xJmsSp,Panama,H,6,2,W,4UXzDy1d
Brazil,2026-04-01,Sl4U0P6l,Croatia,H,3,1,W,A3LetXFE
Brazil,2026-03-26,WIIb6oqR,France,H,1,2,L,few9ITN7
Brazil,2025-11-18,63FL6a34,Tunisia,H,1,1,D,WbBoTNBE
Bulgaria,2026-06-05,M7whjNid,Moldova,A,2,2,D,Cv3iCkuq
Bulgaria,2026-06-01,OUncuoWp,Montenegro,H,0,1,L,2BpngdjU
Bulgaria,2026-03-30,rHWOGQCc,Indonesia,A,1,0,W,l6R1l1Wg
Bulgaria,2026-03-27,IFCQyhBH,Solomon Islands,A,10,2,W,CUmkyYJT
Bulgaria,2025-11-18,dphusYw9,Georgia,H,2,1,W,KA0P8J2b
Burundi,2026-05-26,hxVU6FnA,Morocco,A,0,5,L,rHzS9t06
Burundi,2026-03-31,tKM2tws2,Chad,H,4,0,W,8Qcnt2VI
Burundi,2026-03-27,UcUGksKF,Chad,A,4,0,W,GIuurO06
Burundi,2025-10-14,jZ9fQJuU,Gabon,A,0,2,L,2DxU2koh
Burundi,2025-10-09,ILBnSuBH,Kenya,H,0,1,L,YwYP3VVo
Cameroon,2026-03-31,SdMs6puJ,China,A,2,0,W,AuNBjHVp
Cameroon,2026-03-27,650FFcCF,Australia,A,0,1,L,U7WG1svn
Cameroon,2026-01-09,I1Jhwfyh,Morocco,H,0,2,L,dS1gM5th
Cameroon,2026-01-04,vyb6stlT,South Africa,A,2,1,W,A92e36c3
Cameroon,2025-12-31,Yu836meK,Mozambique,A,2,1,W,vHO0VIBb
Canada,2026-06-05,fDRBxRaC,Ireland,H,1,1,D,CrFLkQpp
Canada,2026-06-02,E7LI1OK6,Uzbekistan,H,2,0,W,0S4Q383T
Canada,2026-03-31,GfvD7dg4,Tunisia,H,0,0,D,d8eXienf
Canada,2026-03-28,GzlJoFWp,Iceland,H,2,2,D,AicPgHHs
Canada,2026-01-18,ObYYrVE5,Guatemala,H,1,0,W,YLQtdQEl
Cape Verde,2026-06-06,KGW5Ghxg,Bermuda,H,3,0,W,2iWPM2bd
Cape Verde,2026-05-31,lzgwZvH0,Serbia,H,3,0,W,KtYL3IDd
Cape Verde,2026-03-30,EeeIxmBc,Finland,H,2,1,W,tOPDOlv3
Cape Verde,2026-03-27,YNpCMzLa,Chile,A,2,4,L,SGTxNy3b
Cape Verde,2025-11-17,bTrMhUF7,Egypt,A,1,2,L,4n082fiD
Colombia,2026-06-07,0Wqwt064,Jordan,H,2,0,W,IuITm4Fd
Colombia,2026-06-01,GEnXp7hU,Costa Rica,H,3,1,W,hQpHo1w9
Colombia,2026-03-29,bRJjcKil,France,H,1,3,L,h6y6Qkhg
Colombia,2026-03-26,WOZszvCk,Croatia,H,1,2,L,hbcgcMmg
Colombia,2025-11-19,SpxMhZgL,Australia,H,3,0,W,2oYYd6K5
Congo,2025-10-14,2DR8pTPh,Morocco,A,0,1,L,40Byt7Ms
Congo,2025-10-08,hKkqU7uC,Niger,A,1,3,L,W8faaeN2
Congo,2025-09-05,U3DKtQ7K,Tanzania,H,1,1,D,I5UPpd89
Congo,2025-08-19,pYSIjcSN,Nigeria,A,0,2,L,CxaNCU3j
Congo,2025-08-12,I155PKTO,Senegal,A,1,1,D,GUyRzsjt
Costa Rica,2026-06-10,Sv7jC5yS,England,A,0,3,L,KjB2DklK
Costa Rica,2026-06-01,GEnXp7hU,Colombia,A,1,3,L,hQpHo1w9
Costa Rica,2026-03-31,d4KXeOGG,Iran,H,0,5,L,jFeKizmC
Costa Rica,2026-03-27,hlu0sP1N,Jordan,A,2,2,D,Wpa4eImm
Costa Rica,2025-11-19,SS8BKLHq,Honduras,H,0,0,D,ruCkETbS
Croatia,2026-06-07,8OJFlwRr,Slovenia,H,2,1,W,MwkAgvmI
Croatia,2026-06-02,WrQydLY8,Belgium,H,0,2,L,EDo2e0I5
Croatia,2026-04-01,Sl4U0P6l,Brazil,A,1,3,L,A3LetXFE
Croatia,2026-03-26,WOZszvCk,Colombia,A,2,1,W,hbcgcMmg
Croatia,2025-11-17,vPHvQTw2,Montenegro,A,3,2,W,OU5qCXKO
Curacao,2026-06-07,GzjUrKMq,Aruba,H,4,0,W,APZfvJVr
Curacao,2026-05-30,4UPzsGq9,Scotland,A,1,4,L,GvuTpll2
Curacao,2026-03-31,A1kg8F4k,Australia,A,1,5,L,xYZOaL8b
Curacao,2026-03-27,8SPR9Suf,China,A,0,2,L,6DRudw8N
Curacao,2025-11-19,4Y1ylTP7,Jamaica,A,0,0,D,WrPF5sAt
Cyprus,2026-06-07,z7iD6DyP,Liechtenstein,A,2,0,W,Aks713gM
Cyprus,2026-06-04,4lrb1m0c,Slovenia,A,1,1,D,za9DJXn9
Cyprus,2026-03-30,4p62dDDE,Moldova,H,3,2,W,4di5ESmA
Cyprus,2026-03-26,6gG8zWje,Belarus,H,0,1,L,rs3dGlJc
Cyprus,2025-11-18,f36Wf7ld,Estonia,H,2,4,L,rBvgrTkT
Czech Republic,2026-06-05,UFL3FBUG,Guatemala,H,3,1,W,j1djEBZR
Czech Republic,2026-05-31,O4TH3pqR,Kosovo,H,2,1,W,tzT7JxcD
Czech Republic,2026-03-31,v7xywnBD,Denmark,H,3,2,W,zP64Ye2M
Czech Republic,2026-03-26,Q7YZ3i66,Ireland,H,3,2,W,x297yduB
Czech Republic,2025-11-17,nH3K509t,Gibraltar,H,6,0,W,EwyYabwA
D.R. Congo,2026-06-09,dU9rU25m,Chile,H,1,2,L,xlHCZ7lR
D.R. Congo,2026-06-03,KAeIoI06,Denmark,H,0,0,D,K0OFPazG
D.R. Congo,2026-03-31,vHqkPaLP,Jamaica,H,1,0,W,nHRhJvF8
D.R. Congo,2026-03-25,C4EIKYUP,Bermuda,H,2,0,W,tQTPPCUH
D.R. Congo,2026-01-06,0SLLfIl1,Algeria,A,0,1,L,A5pTYVlJ
Denmark,2026-06-07,hOgQqdVI,Ukraine,H,2,1,W,6HMNNw5S
Denmark,2026-06-03,KAeIoI06,D.R. Congo,A,0,0,D,K0OFPazG
Denmark,2026-03-31,v7xywnBD,Czech Republic,A,2,3,L,zP64Ye2M
Denmark,2026-03-26,INr90IaE,North Macedonia,H,4,0,W,IigYMdQH
Denmark,2025-11-18,rJDta65K,Scotland,A,2,4,L,IF1lMyQr
Ecuador,2026-06-07,2qliy4f2,Guatemala,H,3,0,W,hnYs0nU6
Ecuador,2026-05-31,IiIS0XEU,Saudi Arabia,H,2,1,W,zXYgLzxo
Ecuador,2026-03-31,MmZFFoKO,Netherlands,A,1,1,D,2PWJ81Ur
Ecuador,2026-03-27,SYohknSs,Morocco,A,1,1,D,v17JEQCb
Ecuador,2025-11-19,6a9gmesn,New Zealand,H,2,0,W,pAyQLUqL
Egypt,2026-06-06,jaBJbBH7,Brazil,A,1,2,L,r3s2pV84
Egypt,2026-05-28,pQ8jvBq1,Russia,H,1,0,W,lILzY6G6
Egypt,2026-03-31,lvXpLgvm,Spain,A,0,0,D,Op2f19Yr
Egypt,2026-03-27,Qcs4Odjm,Saudi Arabia,A,4,0,W,KjQUOcYo
Egypt,2026-01-17,hjbE80SO,Nigeria,H,0,1,L,4nleUY9m
El Salvador,2026-06-06,pzpzlcvg,Qatar,A,0,0,D,WrpbU7b2
El Salvador,2026-06-04,I93cJoFF,South Korea,A,0,1,L,MVBloMFO
El Salvador,2026-03-29,pbSPuFH8,Martinique,A,1,0,W,jNoo7cKH
El Salvador,2026-03-27,0dNWJXfk,Dominican Republic,A,2,2,D,rcrw9Jk5
El Salvador,2025-11-19,tvRxR8MP,Panama,A,0,3,L,YDttOqR0
England,2026-06-10,Sv7jC5yS,Costa Rica,H,3,0,W,KjB2DklK
England,2026-06-06,n15zGmx3,New Zealand,H,1,0,W,hpJGkndD
England,2026-03-31,vkXSarO9,Japan,H,0,1,L,l0V9sPVq
England,2026-03-27,Obfyfhzi,Uruguay,H,1,1,D,IHvvmo8M
England,2025-11-16,QTT8Mkkd,Albania,A,2,0,W,K2zQWa9N
Equatorial Guinea,2026-06-09,nuANlz5b,Comoros,H,0,1,L,bRqV4XO0
Equatorial Guinea,2026-03-31,IqpUwYvm,Madagascar,H,1,1,D,lA5qX1OF
Equatorial Guinea,2026-03-25,8Wma7FDO,Kyrgyzstan,A,1,0,W,ENmWSyft
Equatorial Guinea,2025-12-31,fFnBSXCF,Algeria,H,1,3,L,vDAbDpjD
Equatorial Guinea,2025-12-28,ADsI6jjd,Sudan,H,0,1,L,Wn7jF6L0
Estonia,2026-06-09,zsbeOQW7,Lithuania,H,1,0,W,2Z81QzEc
Estonia,2026-06-06,04iNTVfA,Faroe Islands,H,1,0,W,jHfSq9dl
Estonia,2026-03-30,Ii2QHcv8,Rwanda,A,0,2,L,vLg41i45
Estonia,2026-03-27,nRAidle1,Kenya,A,2,1,W,fo7BRaos
Estonia,2025-11-18,f36Wf7ld,Cyprus,A,4,2,W,rBvgrTkT
Eswatini,2026-03-31,dpW8i3k3,Eritrea,H,1,2,L,KjnWqpWg
Eswatini,2026-03-25,SAkqyr5M,Eritrea,A,0,2,L,nwlOo61s
Eswatini,2025-10-13,xYxbh25t,Cape Verde,A,0,3,L,b1H0N1Ao
Eswatini,2025-10-08,n9clYbKO,Angola,H,2,2,D,ddwIbIXp
Eswatini,2025-09-08,KEcQw3jm,Libya,A,0,2,L,nNmr5KfH
Faroe Islands,2026-06-09,Qm69XU9L,Latvia,A,1,0,W,zTGF2XLj
Faroe Islands,2026-06-06,04iNTVfA,Estonia,A,0,1,L,jHfSq9dl
Faroe Islands,2026-03-28,fHgtDg3T,San Marino,A,2,1,W,dSYRtJK7
Faroe Islands,2025-11-18,vqlzxFl4,Kazakhstan,H,1,0,W,v3T5BSKh
Faroe Islands,2025-11-14,0GN0XBoS,Croatia,A,1,3,L,jH7yEgjC
Finland,2026-06-05,2kZUQJKN,Hungary,A,1,2,L,bZVLx0FO
Finland,2026-05-31,CdAUCHvh,Germany,A,0,4,L,6avr2Jf5
Finland,2026-03-30,EeeIxmBc,Cape Verde,A,1,2,L,tOPDOlv3
Finland,2026-03-27,bq1RIhKO,New Zealand,A,2,0,W,lWHoLFXA
Finland,2025-11-17,bXxc62un,Andorra,H,4,0,W,hvwo60ZH
France,2026-06-08,6DrOk39e,Northern Ireland,H,3,1,W,h6AZ5xIP
France,2026-06-04,xpTMdFZ7,Ivory Coast,H,1,2,L,Aat1lJu0
France,2026-03-29,bRJjcKil,Colombia,A,3,1,W,h6y6Qkhg
France,2026-03-26,WIIb6oqR,Brazil,A,2,1,W,few9ITN7
France,2025-11-16,25R66rsC,Azerbaijan,A,3,1,W,lWZq5b7s
Gabon,2026-03-30,MaNDpu62,Trinidad & Tobago,A,3,2,W,C6TVHz0P
Gabon,2026-03-27,dvNKOcqq,Uzbekistan,A,1,3,L,KbRpfX7I
Gabon,2025-12-31,Y72Ap6Y0,Ivory Coast,H,2,3,L,I1zhXvsn
Gabon,2025-12-28,UBDWiltR,Mozambique,H,2,3,L,fkKtQNZI
Gabon,2025-12-24,GUGMZlKr,Cameroon,A,0,1,L,Q9SPT5zf
Gambia,2026-05-29,CQVQNJY0,Iran,A,1,3,L,EuFDrj8L
Gambia,2026-03-31,f3QjlZMi,Senegal,A,1,3,L,h07emwOh
Gambia,2025-11-18,8YSMq1VF,Kuwait,A,2,2,D,8KAO9BJ7
Gambia,2025-10-14,tbk4pNQo,Seychelles,A,7,0,W,t4yY190b
Gambia,2025-10-10,Ae8vU1t5,Gabon,H,3,4,L,fmZL4BGu
Georgia,2026-06-05,t4vZlamS,Bahrain,H,2,0,W,lIwBomFD
Georgia,2026-06-02,bZR60czq,Romania,H,1,1,D,2ZxgjuBm
Georgia,2026-03-29,Qq8mPbiL,Lithuania,A,2,0,W,lM6pf2Fk
Georgia,2026-03-26,QPHg3HU1,Israel,H,2,2,D,4lVDaOiS
Georgia,2025-11-18,dphusYw9,Bulgaria,A,1,2,L,KA0P8J2b
Germany,2026-06-06,rwYFAaxS,USA,A,2,1,W,dOR51pNF
Germany,2026-05-31,CdAUCHvh,Finland,H,4,0,W,6avr2Jf5
Germany,2026-03-30,4SYb1Mlm,Ghana,H,2,1,W,6waiW2Rj
Germany,2026-03-27,SnRaEsw3,Switzerland,A,4,3,W,xMB436h3
Germany,2025-11-17,Q9olvBS1,Slovakia,H,6,0,W,x21OTMSp
Ghana,2026-06-02,ryiSXFoA,Wales,A,1,1,D,0KmSaHsI
Ghana,2026-05-23,dOQN7KJs,Mexico,A,0,2,L,EiTNwQjd
Ghana,2026-03-30,4SYb1Mlm,Germany,A,1,2,L,6waiW2Rj
Ghana,2026-03-27,vgNY5LQq,Austria,A,1,5,L,djlHxWdU
Ghana,2025-11-18,riTCjp6U,South Korea,A,0,1,L,ltH5hbvJ
Gibraltar,2026-06-06,zNDBKn7L,Cayman Islands,H,4,1,W,tEcHZ7uC
Gibraltar,2026-06-03,xr2HAVHl,British Virgin Islands,H,4,0,W,2mtNOcug
Gibraltar,2026-03-31,Ek0Ckok5,Latvia,A,0,1,L,4GsnNROE
Gibraltar,2026-03-26,63em23HD,Latvia,H,0,1,L,l8aaaOW7
Gibraltar,2025-11-17,nH3K509t,Czech Republic,A,0,6,L,EwyYabwA
Greece,2026-06-07,KAeJ6BA6,Italy,H,0,1,L,C8MJJXIs
Greece,2026-06-04,tp0SjBtS,Sweden,A,2,2,D,nVbellBj
Greece,2026-03-31,Uolc32Z1,Hungary,A,0,0,D,ILnFCCGl
Greece,2026-03-27,n7xtTs0d,Paraguay,H,0,1,L,MmZAhAYb
Greece,2025-11-18,pQK6ogU1,Belarus,A,0,0,D,xjkxqZN6
Guatemala,2026-06-07,2qliy4f2,Ecuador,A,0,3,L,hnYs0nU6
Guatemala,2026-06-05,UFL3FBUG,Czech Republic,A,1,3,L,j1djEBZR
Guatemala,2026-03-27,rBm2zQ7M,Algeria,A,0,7,L,ENV2fW3n
Guatemala,2026-01-18,ObYYrVE5,Canada,A,0,1,L,YLQtdQEl
Guatemala,2025-11-19,4UZFJQEa,Suriname,H,3,1,W,UuzkMNeD
Guinea,2026-06-04,QVt4Si6D,Northern Ireland,A,0,1,L,EcGTnruQ
Guinea,2026-03-31,8ACL9XVo,Benin,H,0,1,L,8G1LLWDD
Guinea,2026-03-27,r5n67skI,Togo,H,2,2,D,0jbDNhq1
Guinea,2025-11-18,pSe1BNZ1,Niger,H,1,1,D,pW2QDgld
Guinea,2025-11-15,86Azn0jK,Liberia,H,2,0,W,xnRKg7dm
Haiti,2026-06-06,xtPhjmoT,Peru,H,1,2,L,b5QfdnOP
Haiti,2026-06-03,lCddSIFj,New Zealand,H,4,0,W,63JNxuGi
Haiti,2026-03-31,GCLXya4C,Iceland,H,1,1,D,viDN2C0C
Haiti,2026-03-29,zL4Ius5m,Tunisia,H,0,1,L,WQ9F4YVa
Haiti,2025-11-19,2a45t3v3,Nicaragua,H,2,0,W,0dhM87Mk
Honduras,2026-06-07,fLLV8H0B,Argentina,A,0,2,L,QgmZkEjC
Honduras,2026-03-31,Em1oLzg5,Peru,A,2,2,D,G0NNYw9a
Honduras,2025-11-19,SS8BKLHq,Costa Rica,A,0,0,D,ruCkETbS
Honduras,2025-11-14,QaKXR3P9,Nicaragua,A,0,2,L,zF8sGkUF
Honduras,2025-10-14,K2w3TeqH,Haiti,H,3,0,W,ngSnf87d
Hungary,2026-06-09,bs6n6VKi,Kazakhstan,H,3,1,W,lU5Vjjgt
Hungary,2026-06-05,2kZUQJKN,Finland,H,2,1,W,bZVLx0FO
Hungary,2026-03-31,Uolc32Z1,Greece,H,0,0,D,ILnFCCGl
Hungary,2026-03-28,6L23ESs3,Slovenia,H,1,0,W,hv3zKfOE
Hungary,2025-11-16,pOeIZkWr,Ireland,H,2,3,L,GxfY6cXA
Iceland,2026-06-10,bkWW20y2,Argentina,A,0,3,L,hI4787v8
Iceland,2026-05-31,6eTvdhOH,Japan,A,0,1,L,r5MReUf2
Iceland,2026-03-31,GCLXya4C,Haiti,A,1,1,D,viDN2C0C
Iceland,2026-03-28,GzlJoFWp,Canada,A,2,2,D,AicPgHHs
Iceland,2026-02-26,K25c1zrH,Mexico,A,0,4,L,d2jVl7wA
Iran,2026-06-04,8MdoPiLr,Mali,H,2,0,W,AaIa7Ya5
Iran,2026-05-29,CQVQNJY0,Gambia,H,3,1,W,EuFDrj8L
Iran,2026-03-31,d4KXeOGG,Costa Rica,A,5,0,W,jFeKizmC
Iran,2026-03-27,vRYqo72b,Nigeria,H,1,2,L,028Y0vQP
Iran,2025-11-18,2qOg7TU0,Uzbekistan,A,0,1,L,GQTQKy7s
Iraq,2026-06-10,MXlZGZG6,Venezuela,H,0,2,L,IX7goKum
Iraq,2026-06-04,M5l3qSXq,Spain,A,1,1,D,4E3Spdio
Iraq,2026-05-29,pjAF0dml,Andorra,H,1,0,W,r9x4VPN8
Iraq,2026-04-01,d4002NeM,Bolivia,H,2,1,W,nu8tqnGs
Iraq,2025-12-12,CEJX8K0t,Jordan,A,0,1,L,SMQlxEjg
Ireland,2026-06-05,fDRBxRaC,Canada,A,1,1,D,CrFLkQpp
Ireland,2026-05-28,CbusMVek,Qatar,H,1,0,W,GfnVQqCE
Ireland,2026-05-16,zNVHlkg5,Grenada,H,5,0,W,0WcVNco2
Ireland,2026-03-31,bHtX1Mc3,North Macedonia,H,0,0,D,2mbs464K
Ireland,2026-03-26,Q7YZ3i66,Czech Republic,A,2,3,L,x297yduB
Israel,2026-06-03,ABpCd5hU,Albania,A,1,0,W,tnTcKaF7
Israel,2026-03-26,QPHg3HU1,Georgia,A,2,2,D,4lVDaOiS
Israel,2025-11-16,pvfQAwYg,Moldova,H,4,1,W,Iwvv4kIM
Israel,2025-11-13,4naUKnUb,Lithuania,A,0,0,D,Ac0njMQG
Israel,2025-10-14,4vwr5vXH,Italy,A,0,3,L,bTNg2sZ9
Italy,2026-06-07,KAeJ6BA6,Greece,A,1,0,W,C8MJJXIs
Italy,2026-06-03,vJv4AgBs,Luxembourg,A,1,0,W,GxylPgeK
Italy,2026-03-31,bTzLtUBl,Bosnia & Herzegovina,A,1,2,L,2B8dzIX9
Italy,2026-03-26,MJXngzhl,Northern Ireland,H,2,0,W,v7ssLzeU
Italy,2025-11-16,tvNFJwnB,Norway,H,1,4,L,jR2YfaRq
Ivory Coast,2026-06-08,naMbsKWG,Philadelphia Union II,A,2,0,W,YJdxGTw9
Ivory Coast,2026-06-04,xpTMdFZ7,France,A,2,1,W,Aat1lJu0
Ivory Coast,2026-03-31,fR21HhhU,Scotland,A,1,0,W,OQQVWHwC
Ivory Coast,2026-03-28,QoDvN9Yb,South Korea,A,4,0,W,Ua91qRCr
Ivory Coast,2026-01-10,f3411d26,Egypt,A,2,3,L,4xgGM7WG
Jamaica,2026-06-06,Kv1OwfOt,South Africa,H,1,1,D,KtzQ3QRH
Jamaica,2026-05-30,n7OZ265L,Nigeria,H,0,3,L,C4nv5yyP
Jamaica,2026-05-27,nRWOazPh,India,H,2,0,W,zuJJcjQk
Jamaica,2026-03-31,vHqkPaLP,D.R. Congo,A,0,1,L,nHRhJvF8
Jamaica,2026-03-27,OKcyf0Pa,New Caledonia,A,1,0,W,bsLmfNVN
Japan,2026-05-31,6eTvdhOH,Iceland,H,1,0,W,r5MReUf2
Japan,2026-03-31,vkXSarO9,England,A,1,0,W,l0V9sPVq
Japan,2026-03-28,WQUtLYMk,Scotland,A,1,0,W,rDRLnAJk
Japan,2025-11-18,QRGocHhK,Bolivia,H,3,0,W,OKGq0y0m
Japan,2025-11-14,Y7v4cQA4,Ghana,H,2,0,W,2ZRZBgCd
Jordan,2026-06-07,0Wqwt064,Colombia,A,0,2,L,IuITm4Fd
Jordan,2026-05-31,t6aj8Ol4,Switzerland,A,1,4,L,f5mVVVgB
Jordan,2026-03-31,GQIHa6Hi,Nigeria,H,2,2,D,4bcCgdIa
Jordan,2026-03-27,hlu0sP1N,Costa Rica,H,2,2,D,Wpa4eImm
Jordan,2025-12-18,KhpCLSl1,Morocco,H,2,3,L,zqATDN3K
Kazakhstan,2026-06-09,bs6n6VKi,Hungary,A,1,3,L,lU5Vjjgt
Kazakhstan,2026-06-06,viQl3l8b,Armenia,A,1,1,D,vsqPqu8L
Kazakhstan,2026-03-31,CtGhvL4t,Comoros,H,1,0,W,OxkqBqSG
Kazakhstan,2026-03-25,hKH8zw45,Namibia,H,2,0,W,fPBGhyCk
Kazakhstan,2025-11-18,vqlzxFl4,Faroe Islands,A,0,1,L,v3T5BSKh
Kenya,2026-06-07,hl9Zq7b5,Lesotho,H,4,0,W,tY1Zjn96
Kenya,2026-06-04,vR2Jmkat,Lesotho,A,1,1,D,Y7bRh8vf
Kenya,2026-03-30,b7JCyzom,Grenada,A,3,0,W,fX3HeMXq
Kenya,2026-03-27,nRAidle1,Estonia,H,1,2,L,fo7BRaos
Kenya,2025-11-18,4bTJFp3t,Senegal,A,0,8,L,jet5wfeB
Kosovo,2026-06-07,QitK58Ab,Andorra,H,3,0,W,WMjBQEI6
Kosovo,2026-05-31,O4TH3pqR,Czech Republic,A,1,2,L,tzT7JxcD
Kosovo,2026-03-31,MiXjq8Fd,Turkey,H,0,1,L,xlsPC2Il
Kosovo,2026-03-26,Mig2khiD,Slovakia,A,4,3,W,8MHjuvtn
Kosovo,2025-11-18,Gh9wVCSN,Switzerland,H,1,1,D,4IfDhne3
Latvia,2026-06-09,Qm69XU9L,Faroe Islands,H,0,1,L,zTGF2XLj
Latvia,2026-06-06,vHH2919e,Lithuania,A,1,2,L,bsbzrmR0
Latvia,2026-03-31,Ek0Ckok5,Gibraltar,H,1,0,W,4GsnNROE
Latvia,2026-03-26,63em23HD,Gibraltar,A,1,0,W,l8aaaOW7
Latvia,2025-11-16,KtfxJP1m,Serbia,A,1,2,L,tl12OVHd
Lesotho,2026-06-07,hl9Zq7b5,Kenya,A,0,4,L,tY1Zjn96
Lesotho,2026-06-04,vR2Jmkat,Kenya,H,1,1,D,Y7bRh8vf
Lesotho,2026-03-29,vBCtBlng,Seychelles,H,2,1,W,bBEWCr0t
Lesotho,2026-03-26,f1aF7Fu1,Seychelles,A,0,0,D,8nZMhuFO
Lesotho,2025-11-18,2m0E06Lq,Malawi,H,0,1,L,p8KwNcR9
Liberia,2026-06-09,n5N5Frif,Sierra Leone,H,3,1,W,OlwVijm1
Liberia,2026-06-06,YeW4Ad9c,Sierra Leone,A,0,1,L,n9qiaYfR
Liberia,2026-03-31,4pCV9tcd,Libya,H,2,2,D,ljyGmn2U
Liberia,2026-03-27,j9YxnLen,Benin,A,0,1,L,tdML5DWH
Liberia,2025-11-15,86Azn0jK,Guinea,A,0,2,L,xnRKg7dm
Libya,2026-03-31,4pCV9tcd,Liberia,A,2,2,D,ljyGmn2U
Libya,2026-03-27,0CF1ZeYj,Niger,H,0,0,D,82QcDjen
Libya,2025-11-25,raabwNbs,Palestine,A,0,1,L,GzmBlUe5
Libya,2025-11-15,QqvhijXP,Mauritania,H,1,0,W,zm67SfbE
Libya,2025-10-13,Aoy6jtzg,Mauritius,A,0,0,D,xhG4MLPi
Liechtenstein,2026-06-07,z7iD6DyP,Cyprus,H,0,2,L,Aks713gM
Liechtenstein,2026-06-04,fa4qSlEM,Andorra,A,0,2,L,6ohFUWJ8
Liechtenstein,2026-03-29,pIzpLuBO,Aruba,A,1,4,L,U1MwAnNs
Liechtenstein,2026-03-26,OpoJWUWD,Tanzania,A,1,0,W,tMBZLeFI
Liechtenstein,2025-11-18,rsAKed4M,Belgium,A,0,7,L,IXpmWMJ5
Lithuania,2026-06-09,zsbeOQW7,Estonia,A,0,1,L,2Z81QzEc
Lithuania,2026-06-06,vHH2919e,Latvia,H,2,1,W,bsbzrmR0
Lithuania,2026-03-29,Qq8mPbiL,Georgia,H,0,2,L,lM6pf2Fk
Lithuania,2026-03-26,fVUC42aE,Moldova,A,2,0,W,WjmcSBNt
Lithuania,2025-11-17,GA44lk4T,Netherlands,A,0,4,L,StJedUO9
Luxembourg,2026-06-06,MPUVmQit,Albania,A,1,0,W,lh2jJcHO
Luxembourg,2026-06-03,vJv4AgBs,Italy,H,0,1,L,GxylPgeK
Luxembourg,2026-03-31,x0aq4p4b,Malta,H,3,0,W,tGZJ2cw0
Luxembourg,2026-03-26,6cIJmPJH,Malta,A,2,0,W,z34J4J8m
Luxembourg,2025-11-17,ronOvTfd,Northern Ireland,A,0,1,L,UNYVAlCN
Malawi,2026-06-09,hOLAUD63,Ethiopia,A,1,1,D,KxOvvL2n
Malawi,2026-06-06,IiQG8Wqp,Ethiopia,A,0,1,L,UDrVJHHU
Malawi,2026-03-31,xhJo7vB5,Botswana,A,0,1,L,0b4Qwk7j
Malawi,2026-03-28,Y9NbuQbf,Zambia U23,A,0,1,L,G6AkBK1d
Malawi,2025-11-18,2m0E06Lq,Lesotho,A,1,0,W,p8KwNcR9
Malta,2026-06-05,6kSN2ai3,Azerbaijan,A,2,0,W,jDnBGlak
Malta,2026-06-01,pIMHaFHa,Slovakia,A,1,2,L,dEsveILH
Malta,2026-03-31,x0aq4p4b,Luxembourg,A,0,3,L,tGZJ2cw0
Malta,2026-03-26,6cIJmPJH,Luxembourg,H,0,2,L,z34J4J8m
Malta,2025-11-17,OSa2Osp3,Poland,H,2,3,L,I35QXQyR
Mauritania,2026-06-08,fTsPv3Ya,Niger,A,1,0,W,fFby3KRr
Mauritania,2026-06-05,EJPpzE5T,Angola,A,1,1,D,WjtZbjct
Mauritania,2026-03-27,xzC5NiFM,Argentina,A,1,2,L,xxwZiuZQ
Mauritania,2025-11-25,WdDCiDJi,Kuwait,H,0,2,L,Ac8p3TAb
Mauritania,2025-11-15,QqvhijXP,Libya,A,0,1,L,zm67SfbE
Mauritius,2026-03-31,bw2zexde,Somalia,H,0,1,L,K4R4bqom
Mauritius,2026-03-27,nH9l4tZ8,Somalia,A,0,0,D,lMzZ35NP
Mauritius,2025-10-13,Aoy6jtzg,Libya,H,0,0,D,xhG4MLPi
Mauritius,2025-10-08,Sv1YysLa,Cameroon,H,0,2,L,QDnn4vAN
Mauritius,2025-09-09,EFVhdB6E,Angola,A,1,3,L,Uogw60uB
Mexico,2026-06-05,YuGP9yQ8,Serbia,H,5,1,W,b1x9Omno
Mexico,2026-05-31,02I0rj2a,Australia,H,1,0,W,C8AbHNbh
Mexico,2026-05-23,dOQN7KJs,Ghana,H,2,0,W,EiTNwQjd
Mexico,2026-04-01,ClQ6gxiD,Belgium,H,1,1,D,0WvEOTM5
Mexico,2026-03-29,dYqqyzzg,Portugal,H,0,0,D,fVqJ27Hq
Moldova,2026-06-09,j7oO41q3,Armenia,A,1,1,D,rwY2xc0e
Moldova,2026-06-05,M7whjNid,Bulgaria,H,2,2,D,Cv3iCkuq
Moldova,2026-03-30,4p62dDDE,Cyprus,A,2,3,L,4di5ESmA
Moldova,2026-03-26,fVUC42aE,Lithuania,H,0,2,L,WjmcSBNt
Moldova,2025-11-16,pvfQAwYg,Israel,A,1,4,L,Iwvv4kIM
Montenegro,2026-06-05,MZsJhsl3,Slovakia,A,2,2,D,G4u3m9p1
Montenegro,2026-06-01,OUncuoWp,Bulgaria,A,1,0,W,2BpngdjU
Montenegro,2026-03-31,YTJ256Ls,Slovenia,H,2,3,L,h21I5UYG
Montenegro,2026-03-27,6ThOdb23,Andorra,H,2,0,W,SYohBLq2
Montenegro,2025-11-17,vPHvQTw2,Croatia,H,2,3,L,OU5qCXKO
Morocco,2026-06-07,zDMujG0C,Norway,H,1,1,D,OAt8UvFb
Morocco,2026-06-02,vibmLQOH,Madagascar,H,4,0,W,zBwKGlDj
Morocco,2026-05-26,hxVU6FnA,Burundi,H,5,0,W,rHzS9t06
Morocco,2026-03-31,MFm8o4R6,Paraguay,H,2,1,W,nRARC4sB
Morocco,2026-03-27,SYohknSs,Ecuador,H,1,1,D,v17JEQCb
Mozambique,2026-06-09,fPqzM7E6,Indonesia,A,0,1,L,jHvfCjA6
Mozambique,2026-06-07,8QhQo763,Oman,A,1,4,L,xKBY7CrT
Mozambique,2026-01-05,2ocwdu3M,Nigeria,A,0,4,L,IukCaOdS
Mozambique,2025-12-31,Yu836meK,Cameroon,H,1,2,L,vHO0VIBb
Mozambique,2025-12-28,UBDWiltR,Gabon,A,3,2,W,fkKtQNZI
Namibia,2026-03-28,0p1ZYPS0,Comoros,H,1,0,W,GCoyD5c4
Namibia,2026-03-25,hKH8zw45,Kazakhstan,A,0,2,L,fPBGhyCk
Namibia,2025-11-17,C2aEvIrf,Comoros,A,0,4,L,AaPSioRa
Namibia,2025-11-14,QBYbV8A6,Comoros,A,0,1,L,8tEL4i67
Namibia,2025-10-13,Ea3xXbXP,Tunisia,A,0,3,L,AiNV0NGc
Netherlands,2026-06-08,W4B0BItf,Uzbekistan,H,2,1,W,Eo8XRPwQ
Netherlands,2026-06-03,djN5FBM5,Algeria,H,0,1,L,fqGrfvc5
Netherlands,2026-03-31,MmZFFoKO,Ecuador,H,1,1,D,2PWJ81Ur
Netherlands,2026-03-27,tdI0JTKa,Norway,H,2,1,W,rujmEN6L
Netherlands,2025-11-17,GA44lk4T,Lithuania,H,4,0,W,StJedUO9
New Caledonia,2026-03-27,OKcyf0Pa,Jamaica,H,0,1,L,bsLmfNVN
New Caledonia,2025-10-08,SpbFuUSb,Gibraltar,A,2,0,W,voC2gA1l
New Caledonia,2025-03-24,x6ts3nMq,New Zealand,H,0,3,L,EJImWUY0
New Caledonia,2025-03-21,GQAOD8BF,Tahiti,H,3,0,W,2XI9pGzI
New Caledonia,2024-11-17,MLAHxHmA,Fiji,A,1,1,D,S2QywUlL
New Zealand,2026-06-06,n15zGmx3,England,A,0,1,L,hpJGkndD
New Zealand,2026-06-03,lCddSIFj,Haiti,A,0,4,L,63JNxuGi
New Zealand,2026-03-30,SI1YY4AM,Chile,H,4,1,W,xjJMMS8F
New Zealand,2026-03-27,bq1RIhKO,Finland,H,0,2,L,lWHoLFXA
New Zealand,2025-11-19,6a9gmesn,Ecuador,A,0,2,L,pAyQLUqL
Nicaragua,2026-06-05,f7Eunquq,Paraguay,A,0,4,L,AmtzDMjA
Nicaragua,2026-05-29,INl06DQc,South Africa,A,0,0,D,2NxSErMc
Nicaragua,2026-03-27,GdeiAy2N,Russia,A,1,3,L,4xh8Aasn
Nicaragua,2025-11-19,2a45t3v3,Haiti,A,0,2,L,0dhM87Mk
Nicaragua,2025-11-14,QaKXR3P9,Honduras,H,2,0,W,zF8sGkUF
Nigeria,2026-06-10,bqeve6vH,Portugal,A,1,2,L,COGgSqom
Nigeria,2026-06-03,UotehLxe,Poland,A,2,2,D,0Yx41h7c
Nigeria,2026-05-30,n7OZ265L,Jamaica,A,3,0,W,C4nv5yyP
Nigeria,2026-05-26,4U5MnTT6,Zimbabwe,H,2,0,W,dfmodwko
Nigeria,2026-03-31,GQIHa6Hi,Jordan,A,2,2,D,4bcCgdIa
North Macedonia,2026-06-01,6cYBcp84,Turkey,A,0,4,L,EiV5zFHM
North Macedonia,2026-05-29,hW1D4FF5,Bosnia & Herzegovina,A,0,0,D,4lrOQdEN
North Macedonia,2026-03-31,bHtX1Mc3,Ireland,A,0,0,D,2mbs464K
North Macedonia,2026-03-26,INr90IaE,Denmark,A,0,4,L,IigYMdQH
North Macedonia,2025-11-18,0lubUOUq,Wales,A,1,7,L,Mo1vXmn9
Northern Ireland,2026-06-08,6DrOk39e,France,A,1,3,L,h6AZ5xIP
Northern Ireland,2026-06-04,QVt4Si6D,Guinea,H,1,0,W,EcGTnruQ
Northern Ireland,2026-03-31,SA9jsYdc,Wales,A,1,1,D,6XWXeh5U
Northern Ireland,2026-03-26,MJXngzhl,Italy,A,0,2,L,v7ssLzeU
Northern Ireland,2025-11-17,ronOvTfd,Luxembourg,H,1,0,W,UNYVAlCN
Norway,2026-06-07,zDMujG0C,Morocco,A,1,1,D,OAt8UvFb
Norway,2026-06-01,zPSC9Ol4,Sweden,H,3,1,W,dOKMzug3
Norway,2026-03-31,pjray2to,Switzerland,H,0,0,D,GA50LvEl
Norway,2026-03-27,tdI0JTKa,Netherlands,A,1,2,L,rujmEN6L
Norway,2025-11-16,tvNFJwnB,Italy,A,4,1,W,jR2YfaRq
Panama,2026-06-06,WflMh2j3,Bosnia & Herzegovina,H,1,1,D,MJw4zC55
Panama,2026-06-04,GSm1kIBm,Dominican Republic,H,4,2,W,As1zNuIa
Panama,2026-05-31,M1xJmsSp,Brazil,A,2,6,L,4UXzDy1d
Panama,2026-03-31,fJ4VOIgt,South Africa,A,2,1,W,rmPFz0vm
Panama,2026-03-27,l0YXn8Gl,South Africa,A,1,1,D,0rIvuc36
Paraguay,2026-06-05,f7Eunquq,Nicaragua,H,4,0,W,AmtzDMjA
Paraguay,2026-03-31,MFm8o4R6,Morocco,A,1,2,L,nRARC4sB
Paraguay,2026-03-27,n7xtTs0d,Greece,A,1,0,W,MmZAhAYb
Paraguay,2025-11-19,GWo7iK3l,Mexico,A,2,1,W,nPCcuJjm
Paraguay,2025-11-15,nkLQrn4k,USA,A,1,2,L,rRpNY1Oj
Poland,2026-06-03,UotehLxe,Nigeria,H,2,2,D,0Yx41h7c
Poland,2026-05-31,r7itqAm4,Ukraine,H,0,2,L,QXVzZ5ln
Poland,2026-03-31,xrArkb3F,Sweden,A,2,3,L,pEpXAtm1
Poland,2026-03-26,KAwmbMZp,Albania,H,2,1,W,ruWYiHPi
Poland,2025-11-17,OSa2Osp3,Malta,A,3,2,W,I35QXQyR
Portugal,2026-06-10,bqeve6vH,Nigeria,H,2,1,W,COGgSqom
Portugal,2026-06-06,tbHj7ZfR,Chile,H,2,1,W,rwGUvxUs
Portugal,2026-03-31,OzEmUpZH,USA,A,2,0,W,W4Oz5JT7
Portugal,2026-03-29,dYqqyzzg,Mexico,A,0,0,D,fVqJ27Hq
Portugal,2025-11-16,IsRkgJl5,Armenia,H,9,1,W,p0WXJ60C
Qatar,2026-06-06,pzpzlcvg,El Salvador,H,0,0,D,WrpbU7b2
Qatar,2026-05-28,CbusMVek,Ireland,A,0,1,L,GfnVQqCE
Qatar,2025-12-07,4CAktwrm,Tunisia,H,0,3,L,f1dXtwC4
Qatar,2025-12-04,tMgXX6DM,Syria,A,1,1,D,pYX6GT7N
Qatar,2025-12-01,2DseFGJG,Palestine,H,0,1,L,QPUVyyz1
Romania,2026-06-06,p0TCsHu2,Wales,H,2,1,W,tQud9j7K
Romania,2026-06-02,bZR60czq,Georgia,A,1,1,D,2ZxgjuBm
Romania,2026-03-31,6PfQhB6j,Slovakia,A,0,2,L,UeeDltNN
Romania,2026-03-26,Isk954sB,Turkey,A,0,1,L,2qgnUDXp
Romania,2025-11-18,rH2IPoRO,San Marino,H,7,1,W,tGkvwMD6
Rwanda,2026-03-30,Ii2QHcv8,Estonia,H,2,0,W,vLg41i45
Rwanda,2026-03-27,no1oIVHK,Grenada,H,4,0,W,2BAJPwGg
Rwanda,2025-10-14,YNnygKw1,South Africa,A,0,3,L,8vwouXze
Rwanda,2025-10-10,0dZTft9l,Benin,H,0,1,L,UmvstDLl
Rwanda,2025-09-09,Ugh4vLO7,Zimbabwe,A,1,0,W,xj36nFrL
San Marino,2026-06-09,EsWFk1xS,Azerbaijan,A,1,2,L,0vOQ3C9U
San Marino,2026-06-05,IBlEc5aM,Bangladesh,H,1,2,L,rPCLHBHL
San Marino,2026-03-31,Uu5IviX8,Andorra,H,0,0,D,OjQfsyam
San Marino,2026-03-28,fHgtDg3T,Faroe Islands,H,1,2,L,dSYRtJK7
San Marino,2025-11-18,rH2IPoRO,Romania,A,1,7,L,tGkvwMD6
Sao Tome and Principe,2026-03-31,Mm179yBl,Ethiopia,A,0,1,L,lpJLf1pC
Sao Tome and Principe,2026-03-27,joKsgGQ7,Ethiopia,H,0,3,L,GWKDdNFa
Sao Tome and Principe,2025-10-13,ngBj9euJ,Malawi,H,1,0,W,dlJR131i
Sao Tome and Principe,2025-10-10,fJveX7R8,Tunisia,H,0,6,L,MZSGqMoN
Sao Tome and Principe,2025-09-09,fal1BQ4k,Namibia,A,0,3,L,E9P8orHA
Saudi Arabia,2026-06-09,b1bmw6T0,Senegal,H,0,0,D,l0r76kyJ
Saudi Arabia,2026-06-05,29XU1prI,Puerto Rico,A,3,0,W,vRl9PJMM
Saudi Arabia,2026-05-31,IiIS0XEU,Ecuador,A,1,2,L,zXYgLzxo
Saudi Arabia,2026-03-31,bLrbkQf3,Serbia,A,1,2,L,pGMUK6wS
Saudi Arabia,2026-03-27,Qcs4Odjm,Egypt,H,0,4,L,KjQUOcYo
Scotland,2026-06-06,Q5oth9U9,Bolivia,A,4,0,W,hQSR9x0K
Scotland,2026-05-30,4UPzsGq9,Curacao,H,4,1,W,GvuTpll2
Scotland,2026-03-31,fR21HhhU,Ivory Coast,H,0,1,L,OQQVWHwC
Scotland,2026-03-28,WQUtLYMk,Japan,H,0,1,L,rDRLnAJk
Scotland,2025-11-18,rJDta65K,Denmark,H,4,2,W,IF1lMyQr
Senegal,2026-06-09,b1bmw6T0,Saudi Arabia,A,0,0,D,l0r76kyJ
Senegal,2026-05-31,MPd5nSln,USA,A,2,3,L,OCQLSMLE
Senegal,2026-03-31,f3QjlZMi,Gambia,H,3,1,W,h07emwOh
Senegal,2026-03-28,pG9fJRXN,Peru,H,2,0,W,2RM8s5se
Senegal,2026-01-18,CCdbCrTa,Morocco,H,0,3,L,0KhPZfnQ
Serbia,2026-06-05,YuGP9yQ8,Mexico,A,1,5,L,b1x9Omno
Serbia,2026-05-31,lzgwZvH0,Cape Verde,A,0,3,L,KtYL3IDd
Serbia,2026-03-31,bLrbkQf3,Saudi Arabia,H,2,1,W,pGMUK6wS
Serbia,2026-03-27,Ewhff7Vi,Spain,A,0,3,L,xMtre3GO
Serbia,2025-11-16,KtfxJP1m,Latvia,H,2,1,W,tl12OVHd
Seychelles,2026-03-29,vBCtBlng,Lesotho,A,1,2,L,bBEWCr0t
Seychelles,2026-03-26,f1aF7Fu1,Lesotho,H,0,0,D,8nZMhuFO
Seychelles,2025-10-14,tbk4pNQo,Gambia,H,0,7,L,t4yY190b
Seychelles,2025-10-10,4b5WVNBh,Ivory Coast,H,0,7,L,SdLHaJJU
Seychelles,2025-09-09,tMREDtdO,Kenya,A,0,5,L,KWH91ukI
Slovakia,2026-06-05,MZsJhsl3,Montenegro,H,2,2,D,G4u3m9p1
Slovakia,2026-06-01,pIMHaFHa,Malta,H,2,1,W,dEsveILH
Slovakia,2026-03-31,6PfQhB6j,Romania,H,2,0,W,UeeDltNN
Slovakia,2026-03-26,Mig2khiD,Kosovo,H,3,4,L,8MHjuvtn
Slovakia,2025-11-17,Q9olvBS1,Germany,A,0,6,L,x21OTMSp
Slovenia,2026-06-07,8OJFlwRr,Croatia,A,1,2,L,MwkAgvmI
Slovenia,2026-06-04,4lrb1m0c,Cyprus,H,1,1,D,za9DJXn9
Slovenia,2026-03-31,YTJ256Ls,Montenegro,A,3,2,W,h21I5UYG
Slovenia,2026-03-28,6L23ESs3,Hungary,A,0,1,L,hv3zKfOE
Slovenia,2025-11-18,6u7GIrw1,Sweden,A,1,1,D,2VVVu9Bc
Somalia,2026-03-31,bw2zexde,Mauritius,A,1,0,W,K4R4bqom
Somalia,2026-03-27,nH9l4tZ8,Mauritius,H,0,0,D,lMzZ35NP
Somalia,2025-11-26,vqYSvFIl,Oman,A,0,1,L,neefhCdt
Somalia,2025-11-21,OjCdqr4U,Bahrain,A,1,0,W,4Q44tr5e
Somalia,2025-11-17,hfloAJht,Bahrain,A,2,1,W,6Ha48bCG
South Africa,2026-06-06,Kv1OwfOt,Jamaica,A,1,1,D,KtzQ3QRH
South Africa,2026-05-29,INl06DQc,Nicaragua,H,0,0,D,2NxSErMc
South Africa,2026-03-31,fJ4VOIgt,Panama,H,1,2,L,rmPFz0vm
South Africa,2026-03-27,l0YXn8Gl,Panama,H,1,1,D,0rIvuc36
South Africa,2026-01-04,vyb6stlT,Cameroon,H,1,2,L,A92e36c3
South Korea,2026-06-04,I93cJoFF,El Salvador,H,1,0,W,MVBloMFO
South Korea,2026-05-31,zN30Fehd,Trinidad & Tobago,H,5,0,W,tSWLzA4M
South Korea,2026-03-31,rLhXaman,Austria,A,0,1,L,zJGkMkBc
South Korea,2026-03-28,QoDvN9Yb,Ivory Coast,H,0,4,L,Ua91qRCr
South Korea,2025-11-18,riTCjp6U,Ghana,H,1,0,W,ltH5hbvJ
South Sudan,2026-03-29,GAdEPm1n,Djibouti,H,0,1,L,Sj6m90a5
South Sudan,2026-03-26,nyGl9SG5,Djibouti,A,4,0,W,KQ2uBMUh
South Sudan,2025-11-25,KMZryXHD,Syria,A,0,2,L,K8g2jjRh
South Sudan,2025-10-13,zFZJgcTI,Togo,H,0,0,D,zkwHt50O
South Sudan,2025-10-10,ru3OH9F8,Senegal,H,0,5,L,69o0pm1a
Spain,2026-06-09,MRToC4EF,Peru,A,3,1,W,ph1aAT9e
Spain,2026-06-04,M5l3qSXq,Iraq,H,1,1,D,4E3Spdio
Spain,2026-03-31,lvXpLgvm,Egypt,H,0,0,D,Op2f19Yr
Spain,2026-03-27,Ewhff7Vi,Serbia,H,3,0,W,xMtre3GO
Spain,2025-11-18,KMHGYo8E,Turkey,H,2,2,D,Eu6koqaB
Sudan,2026-01-03,ns3jAAHt,Senegal,A,1,3,L,UoNS6WpC
Sudan,2025-12-31,YNtkLk5k,Burkina Faso,H,0,2,L,K8moylrK
Sudan,2025-12-28,ADsI6jjd,Equatorial Guinea,A,1,0,W,Wn7jF6L0
Sudan,2025-12-24,Esx5CLMH,Algeria,A,0,3,L,buK3OAbE
Sudan,2025-12-09,2kidIvS0,Bahrain,A,1,3,L,EyOfmqff
Suriname,2026-03-26,I1aijIOO,Bolivia,A,1,2,L,UPBJl1go
Suriname,2025-11-19,4UZFJQEa,Guatemala,A,1,3,L,UuzkMNeD
Suriname,2025-11-13,tKzq5Ra6,El Salvador,H,4,0,W,QmwYP5dl
Suriname,2025-10-15,rN7cA1Kl,Panama,A,1,1,D,pfu5MWkd
Suriname,2025-10-10,4AsIUV53,Guatemala,H,1,1,D,CtscOhLq
Sweden,2026-06-04,tp0SjBtS,Greece,H,2,2,D,nVbellBj
Sweden,2026-06-01,zPSC9Ol4,Norway,A,1,3,L,dOKMzug3
Sweden,2026-03-31,xrArkb3F,Poland,H,3,2,W,pEpXAtm1
Sweden,2026-03-26,x4mg9nrn,Ukraine,A,3,1,W,YT2GZZ9N
Sweden,2025-11-18,6u7GIrw1,Slovenia,H,1,1,D,2VVVu9Bc
Switzerland,2026-06-06,OWiIV6sA,Australia,H,1,1,D,ruc3zsQH
Switzerland,2026-05-31,t6aj8Ol4,Jordan,H,4,1,W,f5mVVVgB
Switzerland,2026-03-31,pjray2to,Norway,A,0,0,D,GA50LvEl
Switzerland,2026-03-27,SnRaEsw3,Germany,H,3,4,L,xMB436h3
Switzerland,2025-11-18,Gh9wVCSN,Kosovo,A,1,1,D,4IfDhne3
Togo,2026-06-09,x2Y0Kfw2,Benin,H,5,1,W,xfYwGYAs
Togo,2026-06-05,GErzHLW9,Central Africa,A,1,1,D,8xq71Zel
Togo,2026-03-31,rgK7pMth,Niger,A,1,0,W,A9Bv8eJ6
Togo,2026-03-27,r5n67skI,Guinea,A,2,2,D,0jbDNhq1
Togo,2025-10-13,zFZJgcTI,South Sudan,A,0,0,D,zkwHt50O
Trinidad & Tobago,2026-06-09,U96E0TbD,Russia,A,0,3,L,nRhGL5tR
Trinidad & Tobago,2026-05-31,zN30Fehd,South Korea,A,0,5,L,tSWLzA4M
Trinidad & Tobago,2026-03-30,MaNDpu62,Gabon,H,2,3,L,C6TVHz0P
Trinidad & Tobago,2026-03-27,z50BSoTJ,Venezuela,A,1,4,L,C8hBhKWD
Trinidad & Tobago,2026-03-15,EZaAWqc4,Bolivia,A,0,3,L,hQ60DGdC
Tunisia,2026-06-06,UuDuXAp4,Belgium,A,0,5,L,4nYE6kxR
Tunisia,2026-06-01,vDDSR2m3,Austria,A,0,1,L,C2OQdZsn
Tunisia,2026-03-31,GfvD7dg4,Canada,A,0,0,D,d8eXienf
Tunisia,2026-03-29,zL4Ius5m,Haiti,A,1,0,W,WQ9F4YVa
Tunisia,2026-01-03,nowNwXH8,Mali,A,1,2,L,jilu6sfL
Turkey,2026-06-06,IJQcltVj,Venezuela,A,2,1,W,pzMyVhup
Turkey,2026-06-01,6cYBcp84,North Macedonia,H,4,0,W,EiV5zFHM
Turkey,2026-03-31,MiXjq8Fd,Kosovo,A,1,0,W,xlsPC2Il
Turkey,2026-03-26,Isk954sB,Romania,H,1,0,W,2qgnUDXp
Turkey,2025-11-18,KMHGYo8E,Spain,A,2,2,D,Eu6koqaB
USA,2026-06-06,rwYFAaxS,Germany,H,1,2,L,dOR51pNF
USA,2026-05-31,MPd5nSln,Senegal,H,3,2,W,OCQLSMLE
USA,2026-03-31,OzEmUpZH,Portugal,H,0,2,L,W4Oz5JT7
USA,2026-03-28,pQCXXSZh,Belgium,H,2,5,L,AkzS6uae
USA,2025-11-19,ID3J22Mh,Uruguay,H,5,1,W,rs11mfPp
Uganda,2025-12-30,fwTbhuEl,Nigeria,H,1,3,L,xnP4B33S
Uganda,2025-12-27,GQ2JC9a3,Tanzania,H,1,1,D,WlMdDPYF
Uganda,2025-12-23,hG3nbApA,Tunisia,A,1,3,L,rTu2irCd
Uganda,2025-11-18,S807Mmr3,Morocco,A,0,4,L,hYNoLydM
Uganda,2025-11-14,UuTVq8Pa,Chad,H,2,1,W,UoaGQYSQ
Ukraine,2026-06-07,hOgQqdVI,Denmark,A,1,2,L,6HMNNw5S
Ukraine,2026-05-31,r7itqAm4,Poland,A,2,0,W,QXVzZ5ln
Ukraine,2026-03-31,G6M8ioQ6,Albania,H,1,0,W,hOerRDfd
Ukraine,2026-03-26,x4mg9nrn,Sweden,H,1,3,L,YT2GZZ9N
Ukraine,2025-11-16,Odytm656,Iceland,H,2,0,W,p6kW4GpQ
United Arab Emirates,2025-12-15,dn1Gy3fC,Morocco,A,0,3,L,rqtYu9nT
United Arab Emirates,2025-12-12,hhLm5x05,Algeria,A,2,1,W,zmUdzhL5
United Arab Emirates,2025-12-09,E3Xj5W8e,Kuwait,H,3,1,W,Gj1s6S9E
United Arab Emirates,2025-12-06,6NRXNeSI,Egypt,H,1,1,D,zatWrash
United Arab Emirates,2025-12-03,SCQHRwTg,Jordan,A,1,2,L,r5gpLeko
Uruguay,2026-03-31,GjGHi8Tq,Algeria,A,0,0,D,pzOUljac
Uruguay,2026-03-27,Obfyfhzi,England,A,1,1,D,IHvvmo8M
Uruguay,2025-11-19,ID3J22Mh,USA,A,1,5,L,rs11mfPp
Uruguay,2025-11-16,vDeZXY6b,Mexico,A,0,0,D,65iOQJyf
Uruguay,2025-10-13,CYw9DNlf,Uzbekistan,A,2,1,W,AFa52yJb
Uzbekistan,2026-06-08,W4B0BItf,Netherlands,A,1,2,L,Eo8XRPwQ
Uzbekistan,2026-06-02,E7LI1OK6,Canada,A,0,2,L,0S4Q383T
Uzbekistan,2026-03-30,IipkL3Lg,Venezuela,H,1,0,W,bPjJjb1Q
Uzbekistan,2026-03-27,dvNKOcqq,Gabon,H,3,1,W,KbRpfX7I
Uzbekistan,2026-01-30,Wl79hoLq,Urartu,H,4,2,W,CrQmdiW7
Wales,2026-06-06,p0TCsHu2,Romania,A,1,2,L,tQud9j7K
Wales,2026-06-02,ryiSXFoA,Ghana,H,1,1,D,0KmSaHsI
Wales,2026-03-31,SA9jsYdc,Northern Ireland,H,1,1,D,6XWXeh5U
Wales,2026-03-26,pUWJ7Z6s,Bosnia & Herzegovina,H,1,2,L,4lBawIAb
Wales,2025-11-18,0lubUOUq,North Macedonia,H,7,1,W,Mo1vXmn9
Zimbabwe,2026-05-30,Wxm8NwnC,India,A,1,0,W,YgoO8Jy0
Zimbabwe,2026-05-26,4U5MnTT6,Nigeria,A,0,2,L,dfmodwko
Zimbabwe,2026-03-31,IVK13dAU,Zambia U23,H,1,0,W,hhiC1hac
Zimbabwe,2026-03-28,hvKEyrbJ,Botswana,A,3,0,W,rD2yZNg3
Zimbabwe,2025-12-29,A9TEqBVG,South Africa,H,2,3,L,G0AMBCcB
